UF,Termo,Mes,Interesse
AC,Gripe,2022-01-01,94.0
AC,Gripe,2022-02-01,13.0
AC,Gripe,2022-03-01,16.0
AC,Gripe,2022-04-01,25.0
AC,Gripe,2022-05-01,27.0
AC,Gripe,2022-06-01,34.0
AC,Gripe,2022-07-01,29.0
AC,Gripe,2022-08-01,16.0
AC,Gripe,2022-09-01,19.0
AC,Gripe,2022-10-01,16.0
AC,Gripe,2022-11-01,17.0
AC,Gripe,2022-12-01,18.0
AC,Gripe,2023-01-01,13.0
AC,Gripe,2023-02-01,15.0
AC,Gripe,2023-03-01,14.0
AC,Gripe,2023-04-01,26.0
AC,Gripe,2023-05-01,37.0
AC,Gripe,2023-06-01,24.0
AC,Gripe,2023-07-01,25.0
AC,Gripe,2023-08-01,24.0
AC,Gripe,2023-09-01,16.0
AC,Gripe,2023-10-01,18.0
AC,Gripe,2023-11-01,17.0
AC,Gripe,2023-12-01,19.0
AC,Gripe,2024-01-01,12.0
AC,Gripe,2024-02-01,12.0
AC,Gripe,2024-03-01,19.0
AC,Gripe,2024-04-01,29.0
AC,Gripe,2024-05-01,20.0
AC,Gripe,2024-06-01,22.0
AC,Gripe,2024-07-01,20.0
AC,Gripe,2024-08-01,20.0
AC,Gripe,2024-09-01,21.0
AC,Gripe,2024-10-01,12.0
AC,Gripe,2024-11-01,16.0
AC,Gripe,2024-12-01,22.0
AC,Gripe,2025-01-01,18.0
AC,Gripe,2025-02-01,13.0
AC,Gripe,2025-03-01,20.0
AC,Gripe,2025-04-01,23.0
AC,Gripe,2025-05-01,32.0
AC,Gripe,2025-06-01,34.0
AC,Gripe,2025-07-01,27.0
AC,Gripe,2025-08-01,22.0
AC,Gripe,2025-09-01,22.0
AC,Gripe,2025-10-01,18.0
AC,Gripe,2025-11-01,17.0
AC,Gripe,2025-12-01,29.0
AC,Gripe,2026-01-01,23.0
AC,Gripe,2026-02-01,21.0
AC,Gripe,2026-03-01,31.0
AC,Gripe,2026-04-01,28.0
AC,Gripe,2026-05-01,35.0
AC,Gripe,2026-06-01,29.0
AC,Gripe,2026-07-01,24.0
AC,Gripe,2026-08-01,20.0
AC,Gripe,2026-09-01,22.0
AL,Gripe,2022-01-01,100.0
AL,Gripe,2022-02-01,15.0
AL,Gripe,2022-03-01,16.0
AL,Gripe,2022-04-01,20.0
AL,Gripe,2022-05-01,25.0
AL,Gripe,2022-06-01,34.0
AL,Gripe,2022-07-01,27.0
AL,Gripe,2022-08-01,21.0
AL,Gripe,2022-09-01,20.0
AL,Gripe,2022-10-01,16.0
AL,Gripe,2022-11-01,19.0
AL,Gripe,2022-12-01,17.0
AL,Gripe,2023-01-01,10.0
AL,Gripe,2023-02-01,17.0
AL,Gripe,2023-03-01,22.0
AL,Gripe,2023-04-01,31.0
AL,Gripe,2023-05-01,38.0
AL,Gripe,2023-06-01,27.0
AL,Gripe,2023-07-01,21.0
AL,Gripe,2023-08-01,18.0
AL,Gripe,2023-09-01,18.0
AL,Gripe,2023-10-01,17.0
AL,Gripe,2023-11-01,14.0
AL,Gripe,2023-12-01,17.0
AL,Gripe,2024-01-01,12.0
AL,Gripe,2024-02-01,11.0
AL,Gripe,2024-03-01,21.0
AL,Gripe,2024-04-01,25.0
AL,Gripe,2024-05-01,27.0
AL,Gripe,2024-06-01,24.0
AL,Gripe,2024-07-01,25.0
AL,Gripe,2024-08-01,20.0
AL,Gripe,2024-09-01,20.0
AL,Gripe,2024-10-01,18.0
AL,Gripe,2024-11-01,15.0
AL,Gripe,2024-12-01,18.0
AL,Gripe,2025-01-01,12.0
AL,Gripe,2025-02-01,12.0
AL,Gripe,2025-03-01,18.0
AL,Gripe,2025-04-01,18.0
AL,Gripe,2025-05-01,33.0
AL,Gripe,2025-06-01,35.0
AL,Gripe,2025-07-01,29.0
AL,Gripe,2025-08-01,23.0
AL,Gripe,2025-09-01,19.0
AL,Gripe,2025-10-01,17.0
AL,Gripe,2025-11-01,13.0
AL,Gripe,2025-12-01,17.0
AL,Gripe,2026-01-01,12.0
AL,Gripe,2026-02-01,18.0
AL,Gripe,2026-03-01,28.0
AL,Gripe,2026-04-01,34.0
AL,Gripe,2026-05-01,30.0
AL,Gripe,2026-06-01,27.0
AL,Gripe,2026-07-01,21.0
AL,Gripe,2026-08-01,24.0
AL,Gripe,2026-09-01,18.0
AM,Gripe,2022-01-01,79.0
AM,Gripe,2022-02-01,15.0
AM,Gripe,2022-03-01,28.0
AM,Gripe,2022-04-01,31.0
AM,Gripe,2022-05-01,33.0
AM,Gripe,2022-06-01,37.0
AM,Gripe,2022-07-01,36.0
AM,Gripe,2022-08-01,27.0
AM,Gripe,2022-09-01,23.0
AM,Gripe,2022-10-01,26.0
AM,Gripe,2022-11-01,18.0
AM,Gripe,2022-12-01,21.0
AM,Gripe,2023-01-01,19.0
AM,Gripe,2023-02-01,38.0
AM,Gripe,2023-03-01,33.0
AM,Gripe,2023-04-01,37.0
AM,Gripe,2023-05-01,48.0
AM,Gripe,2023-06-01,41.0
AM,Gripe,2023-07-01,31.0
AM,Gripe,2023-08-01,28.0
AM,Gripe,2023-09-01,25.0
AM,Gripe,2023-10-01,20.0
AM,Gripe,2023-11-01,22.0
AM,Gripe,2023-12-01,23.0
AM,Gripe,2024-01-01,25.0
AM,Gripe,2024-02-01,17.0
AM,Gripe,2024-03-01,27.0
AM,Gripe,2024-04-01,34.0
AM,Gripe,2024-05-01,33.0
AM,Gripe,2024-06-01,33.0
AM,Gripe,2024-07-01,25.0
AM,Gripe,2024-08-01,22.0
AM,Gripe,2024-09-01,23.0
AM,Gripe,2024-10-01,26.0
AM,Gripe,2024-11-01,26.0
AM,Gripe,2024-12-01,28.0
AM,Gripe,2025-01-01,33.0
AM,Gripe,2025-02-01,27.0
AM,Gripe,2025-03-01,35.0
AM,Gripe,2025-04-01,39.0
AM,Gripe,2025-05-01,43.0
AM,Gripe,2025-06-01,34.0
AM,Gripe,2025-07-01,34.0
AM,Gripe,2025-08-01,31.0
AM,Gripe,2025-09-01,28.0
AM,Gripe,2025-10-01,24.0
AM,Gripe,2025-11-01,26.0
AM,Gripe,2025-12-01,35.0
AM,Gripe,2026-01-01,41.0
AM,Gripe,2026-02-01,35.0
AM,Gripe,2026-03-01,38.0
AM,Gripe,2026-04-01,30.0
AM,Gripe,2026-05-01,34.0
AM,Gripe,2026-06-01,33.0
AM,Gripe,2026-07-01,27.0
AM,Gripe,2026-08-01,24.0
AM,Gripe,2026-09-01,24.0
AP,Gripe,2022-01-01,100.0
AP,Gripe,2022-02-01,14.0
AP,Gripe,2022-03-01,16.0
AP,Gripe,2022-04-01,22.0
AP,Gripe,2022-05-01,24.0
AP,Gripe,2022-06-01,23.0
AP,Gripe,2022-07-01,21.0
AP,Gripe,2022-08-01,12.0
AP,Gripe,2022-09-01,11.0
AP,Gripe,2022-10-01,11.0
AP,Gripe,2022-11-01,17.0
AP,Gripe,2022-12-01,10.0
AP,Gripe,2023-01-01,17.0
AP,Gripe,2023-02-01,23.0
AP,Gripe,2023-03-01,29.0
AP,Gripe,2023-04-01,18.0
AP,Gripe,2023-05-01,52.0
AP,Gripe,2023-06-01,30.0
AP,Gripe,2023-07-01,16.0
AP,Gripe,2023-08-01,15.0
AP,Gripe,2023-09-01,12.0
AP,Gripe,2023-10-01,15.0
AP,Gripe,2023-11-01,16.0
AP,Gripe,2023-12-01,17.0
AP,Gripe,2024-01-01,21.0
AP,Gripe,2024-02-01,14.0
AP,Gripe,2024-03-01,19.0
AP,Gripe,2024-04-01,22.0
AP,Gripe,2024-05-01,26.0
AP,Gripe,2024-06-01,18.0
AP,Gripe,2024-07-01,15.0
AP,Gripe,2024-08-01,14.0
AP,Gripe,2024-09-01,17.0
AP,Gripe,2024-10-01,15.0
AP,Gripe,2024-11-01,15.0
AP,Gripe,2024-12-01,17.0
AP,Gripe,2025-01-01,21.0
AP,Gripe,2025-02-01,18.0
AP,Gripe,2025-03-01,23.0
AP,Gripe,2025-04-01,27.0
AP,Gripe,2025-05-01,38.0
AP,Gripe,2025-06-01,26.0
AP,Gripe,2025-07-01,19.0
AP,Gripe,2025-08-01,17.0
AP,Gripe,2025-09-01,17.0
AP,Gripe,2025-10-01,13.0
AP,Gripe,2025-11-01,16.0
AP,Gripe,2025-12-01,21.0
AP,Gripe,2026-01-01,14.0
AP,Gripe,2026-02-01,27.0
AP,Gripe,2026-03-01,34.0
AP,Gripe,2026-04-01,22.0
AP,Gripe,2026-05-01,26.0
AP,Gripe,2026-06-01,30.0
AP,Gripe,2026-07-01,24.0
AP,Gripe,2026-08-01,21.0
AP,Gripe,2026-09-01,19.0
BA,Gripe,2022-01-01,100.0
BA,Gripe,2022-02-01,18.0
BA,Gripe,2022-03-01,16.0
BA,Gripe,2022-04-01,25.0
BA,Gripe,2022-05-01,25.0
BA,Gripe,2022-06-01,35.0
BA,Gripe,2022-07-01,27.0
BA,Gripe,2022-08-01,18.0
BA,Gripe,2022-09-01,16.0
BA,Gripe,2022-10-01,12.0
BA,Gripe,2022-11-01,18.0
BA,Gripe,2022-12-01,15.0
BA,Gripe,2023-01-01,8.0
BA,Gripe,2023-02-01,15.0
BA,Gripe,2023-03-01,20.0
BA,Gripe,2023-04-01,25.0
BA,Gripe,2023-05-01,33.0
BA,Gripe,2023-06-01,27.0
BA,Gripe,2023-07-01,22.0
BA,Gripe,2023-08-01,16.0
BA,Gripe,2023-09-01,14.0
BA,Gripe,2023-10-01,13.0
BA,Gripe,2023-11-01,13.0
BA,Gripe,2023-12-01,11.0
BA,Gripe,2024-01-01,9.0
BA,Gripe,2024-02-01,15.0
BA,Gripe,2024-03-01,20.0
BA,Gripe,2024-04-01,22.0
BA,Gripe,2024-05-01,22.0
BA,Gripe,2024-06-01,20.0
BA,Gripe,2024-07-01,20.0
BA,Gripe,2024-08-01,17.0
BA,Gripe,2024-09-01,16.0
BA,Gripe,2024-10-01,13.0
BA,Gripe,2024-11-01,12.0
BA,Gripe,2024-12-01,12.0
BA,Gripe,2025-01-01,11.0
BA,Gripe,2025-02-01,12.0
BA,Gripe,2025-03-01,15.0
BA,Gripe,2025-04-01,18.0
BA,Gripe,2025-05-01,30.0
BA,Gripe,2025-06-01,30.0
BA,Gripe,2025-07-01,23.0
BA,Gripe,2025-08-01,21.0
BA,Gripe,2025-09-01,18.0
BA,Gripe,2025-10-01,16.0
BA,Gripe,2025-11-01,13.0
BA,Gripe,2025-12-01,18.0
BA,Gripe,2026-01-01,12.0
BA,Gripe,2026-02-01,14.0
BA,Gripe,2026-03-01,25.0
BA,Gripe,2026-04-01,24.0
BA,Gripe,2026-05-01,23.0
BA,Gripe,2026-06-01,25.0
BA,Gripe,2026-07-01,20.0
BA,Gripe,2026-08-01,20.0
BA,Gripe,2026-09-01,17.0
CE,Gripe,2022-01-01,100.0
CE,Gripe,2022-02-01,12.0
CE,Gripe,2022-03-01,17.0
CE,Gripe,2022-04-01,30.0
CE,Gripe,2022-05-01,33.0
CE,Gripe,2022-06-01,32.0
CE,Gripe,2022-07-01,22.0
CE,Gripe,2022-08-01,18.0
CE,Gripe,2022-09-01,16.0
CE,Gripe,2022-10-01,13.0
CE,Gripe,2022-11-01,17.0
CE,Gripe,2022-12-01,15.0
CE,Gripe,2023-01-01,9.0
CE,Gripe,2023-02-01,21.0
CE,Gripe,2023-03-01,31.0
CE,Gripe,2023-04-01,35.0
CE,Gripe,2023-05-01,27.0
CE,Gripe,2023-06-01,21.0
CE,Gripe,2023-07-01,17.0
CE,Gripe,2023-08-01,15.0
CE,Gripe,2023-09-01,15.0
CE,Gripe,2023-10-01,13.0
CE,Gripe,2023-11-01,15.0
CE,Gripe,2023-12-01,18.0
CE,Gripe,2024-01-01,8.0
CE,Gripe,2024-02-01,13.0
CE,Gripe,2024-03-01,22.0
CE,Gripe,2024-04-01,31.0
CE,Gripe,2024-05-01,23.0
CE,Gripe,2024-06-01,19.0
CE,Gripe,2024-07-01,14.0
CE,Gripe,2024-08-01,16.0
CE,Gripe,2024-09-01,16.0
CE,Gripe,2024-10-01,13.0
CE,Gripe,2024-11-01,15.0
CE,Gripe,2024-12-01,17.0
CE,Gripe,2025-01-01,9.0
CE,Gripe,2025-02-01,16.0
CE,Gripe,2025-03-01,17.0
CE,Gripe,2025-04-01,22.0
CE,Gripe,2025-05-01,36.0
CE,Gripe,2025-06-01,28.0
CE,Gripe,2025-07-01,23.0
CE,Gripe,2025-08-01,18.0
CE,Gripe,2025-09-01,18.0
CE,Gripe,2025-10-01,15.0
CE,Gripe,2025-11-01,14.0
CE,Gripe,2025-12-01,17.0
CE,Gripe,2026-01-01,13.0
CE,Gripe,2026-02-01,28.0
CE,Gripe,2026-03-01,34.0
CE,Gripe,2026-04-01,26.0
CE,Gripe,2026-05-01,29.0
CE,Gripe,2026-06-01,25.0
CE,Gripe,2026-07-01,17.0
CE,Gripe,2026-08-01,17.0
CE,Gripe,2026-09-01,15.0
DF,Gripe,2022-01-01,100.0
DF,Gripe,2022-02-01,16.0
DF,Gripe,2022-03-01,17.0
DF,Gripe,2022-04-01,35.0
DF,Gripe,2022-05-01,37.0
DF,Gripe,2022-06-01,43.0
DF,Gripe,2022-07-01,20.0
DF,Gripe,2022-08-01,16.0
DF,Gripe,2022-09-01,15.0
DF,Gripe,2022-10-01,11.0
DF,Gripe,2022-11-01,15.0
DF,Gripe,2022-12-01,16.0
DF,Gripe,2023-01-01,9.0
DF,Gripe,2023-02-01,16.0
DF,Gripe,2023-03-01,26.0
DF,Gripe,2023-04-01,43.0
DF,Gripe,2023-05-01,45.0
DF,Gripe,2023-06-01,29.0
DF,Gripe,2023-07-01,20.0
DF,Gripe,2023-08-01,14.0
DF,Gripe,2023-09-01,13.0
DF,Gripe,2023-10-01,11.0
DF,Gripe,2023-11-01,11.0
DF,Gripe,2023-12-01,13.0
DF,Gripe,2024-01-01,11.0
DF,Gripe,2024-02-01,18.0
DF,Gripe,2024-03-01,25.0
DF,Gripe,2024-04-01,37.0
DF,Gripe,2024-05-01,31.0
DF,Gripe,2024-06-01,23.0
DF,Gripe,2024-07-01,17.0
DF,Gripe,2024-08-01,15.0
DF,Gripe,2024-09-01,12.0
DF,Gripe,2024-10-01,12.0
DF,Gripe,2024-11-01,17.0
DF,Gripe,2024-12-01,16.0
DF,Gripe,2025-01-01,13.0
DF,Gripe,2025-02-01,15.0
DF,Gripe,2025-03-01,21.0
DF,Gripe,2025-04-01,30.0
DF,Gripe,2025-05-01,64.0
DF,Gripe,2025-06-01,42.0
DF,Gripe,2025-07-01,22.0
DF,Gripe,2025-08-01,20.0
DF,Gripe,2025-09-01,19.0
DF,Gripe,2025-10-01,13.0
DF,Gripe,2025-11-01,12.0
DF,Gripe,2025-12-01,17.0
DF,Gripe,2026-01-01,14.0
DF,Gripe,2026-02-01,15.0
DF,Gripe,2026-03-01,28.0
DF,Gripe,2026-04-01,44.0
DF,Gripe,2026-05-01,32.0
DF,Gripe,2026-06-01,30.0
DF,Gripe,2026-07-01,21.0
DF,Gripe,2026-08-01,16.0
DF,Gripe,2026-09-01,13.0
ES,Gripe,2022-01-01,100.0
ES,Gripe,2022-02-01,17.0
ES,Gripe,2022-03-01,18.0
ES,Gripe,2022-04-01,25.0
ES,Gripe,2022-05-01,34.0
ES,Gripe,2022-06-01,44.0
ES,Gripe,2022-07-01,31.0
ES,Gripe,2022-08-01,19.0
ES,Gripe,2022-09-01,18.0
ES,Gripe,2022-10-01,14.0
ES,Gripe,2022-11-01,18.0
ES,Gripe,2022-12-01,15.0
ES,Gripe,2023-01-01,8.0
ES,Gripe,2023-02-01,17.0
ES,Gripe,2023-03-01,20.0
ES,Gripe,2023-04-01,34.0
ES,Gripe,2023-05-01,51.0
ES,Gripe,2023-06-01,39.0
ES,Gripe,2023-07-01,25.0
ES,Gripe,2023-08-01,17.0
ES,Gripe,2023-09-01,16.0
ES,Gripe,2023-10-01,15.0
ES,Gripe,2023-11-01,13.0
ES,Gripe,2023-12-01,11.0
ES,Gripe,2024-01-01,11.0
ES,Gripe,2024-02-01,19.0
ES,Gripe,2024-03-01,22.0
ES,Gripe,2024-04-01,35.0
ES,Gripe,2024-05-01,27.0
ES,Gripe,2024-06-01,26.0
ES,Gripe,2024-07-01,20.0
ES,Gripe,2024-08-01,20.0
ES,Gripe,2024-09-01,19.0
ES,Gripe,2024-10-01,15.0
ES,Gripe,2024-11-01,19.0
ES,Gripe,2024-12-01,16.0
ES,Gripe,2025-01-01,12.0
ES,Gripe,2025-02-01,16.0
ES,Gripe,2025-03-01,19.0
ES,Gripe,2025-04-01,34.0
ES,Gripe,2025-05-01,48.0
ES,Gripe,2025-06-01,34.0
ES,Gripe,2025-07-01,27.0
ES,Gripe,2025-08-01,22.0
ES,Gripe,2025-09-01,21.0
ES,Gripe,2025-10-01,21.0
ES,Gripe,2025-11-01,17.0
ES,Gripe,2025-12-01,16.0
ES,Gripe,2026-01-01,11.0
ES,Gripe,2026-02-01,16.0
ES,Gripe,2026-03-01,28.0
ES,Gripe,2026-04-01,32.0
ES,Gripe,2026-05-01,33.0
ES,Gripe,2026-06-01,31.0
ES,Gripe,2026-07-01,26.0
ES,Gripe,2026-08-01,21.0
ES,Gripe,2026-09-01,18.0
GO,Gripe,2022-01-01,100.0
GO,Gripe,2022-02-01,21.0
GO,Gripe,2022-03-01,19.0
GO,Gripe,2022-04-01,27.0
GO,Gripe,2022-05-01,34.0
GO,Gripe,2022-06-01,43.0
GO,Gripe,2022-07-01,24.0
GO,Gripe,2022-08-01,23.0
GO,Gripe,2022-09-01,20.0
GO,Gripe,2022-10-01,15.0
GO,Gripe,2022-11-01,19.0
GO,Gripe,2022-12-01,19.0
GO,Gripe,2023-01-01,13.0
GO,Gripe,2023-02-01,23.0
GO,Gripe,2023-03-01,29.0
GO,Gripe,2023-04-01,43.0
GO,Gripe,2023-05-01,45.0
GO,Gripe,2023-06-01,32.0
GO,Gripe,2023-07-01,25.0
GO,Gripe,2023-08-01,17.0
GO,Gripe,2023-09-01,14.0
GO,Gripe,2023-10-01,12.0
GO,Gripe,2023-11-01,13.0
GO,Gripe,2023-12-01,17.0
GO,Gripe,2024-01-01,14.0
GO,Gripe,2024-02-01,22.0
GO,Gripe,2024-03-01,21.0
GO,Gripe,2024-04-01,36.0
GO,Gripe,2024-05-01,32.0
GO,Gripe,2024-06-01,27.0
GO,Gripe,2024-07-01,21.0
GO,Gripe,2024-08-01,20.0
GO,Gripe,2024-09-01,17.0
GO,Gripe,2024-10-01,15.0
GO,Gripe,2024-11-01,20.0
GO,Gripe,2024-12-01,19.0
GO,Gripe,2025-01-01,16.0
GO,Gripe,2025-02-01,24.0
GO,Gripe,2025-03-01,18.0
GO,Gripe,2025-04-01,28.0
GO,Gripe,2025-05-01,57.0
GO,Gripe,2025-06-01,43.0
GO,Gripe,2025-07-01,26.0
GO,Gripe,2025-08-01,26.0
GO,Gripe,2025-09-01,20.0
GO,Gripe,2025-10-01,16.0
GO,Gripe,2025-11-01,12.0
GO,Gripe,2025-12-01,19.0
GO,Gripe,2026-01-01,15.0
GO,Gripe,2026-02-01,22.0
GO,Gripe,2026-03-01,30.0
GO,Gripe,2026-04-01,39.0
GO,Gripe,2026-05-01,36.0
GO,Gripe,2026-06-01,36.0
GO,Gripe,2026-07-01,23.0
GO,Gripe,2026-08-01,18.0
GO,Gripe,2026-09-01,14.0
MA,Gripe,2022-01-01,100.0
MA,Gripe,2022-02-01,14.0
MA,Gripe,2022-03-01,20.0
MA,Gripe,2022-04-01,28.0
MA,Gripe,2022-05-01,30.0
MA,Gripe,2022-06-01,35.0
MA,Gripe,2022-07-01,29.0
MA,Gripe,2022-08-01,18.0
MA,Gripe,2022-09-01,18.0
MA,Gripe,2022-10-01,14.0
MA,Gripe,2022-11-01,20.0
MA,Gripe,2022-12-01,17.0
MA,Gripe,2023-01-01,11.0
MA,Gripe,2023-02-01,22.0
MA,Gripe,2023-03-01,33.0
MA,Gripe,2023-04-01,33.0
MA,Gripe,2023-05-01,34.0
MA,Gripe,2023-06-01,30.0
MA,Gripe,2023-07-01,22.0
MA,Gripe,2023-08-01,18.0
MA,Gripe,2023-09-01,18.0
MA,Gripe,2023-10-01,16.0
MA,Gripe,2023-11-01,16.0
MA,Gripe,2023-12-01,22.0
MA,Gripe,2024-01-01,12.0
MA,Gripe,2024-02-01,15.0
MA,Gripe,2024-03-01,27.0
MA,Gripe,2024-04-01,32.0
MA,Gripe,2024-05-01,24.0
MA,Gripe,2024-06-01,22.0
MA,Gripe,2024-07-01,19.0
MA,Gripe,2024-08-01,18.0
MA,Gripe,2024-09-01,20.0
MA,Gripe,2024-10-01,17.0
MA,Gripe,2024-11-01,17.0
MA,Gripe,2024-12-01,19.0
MA,Gripe,2025-01-01,16.0
MA,Gripe,2025-02-01,15.0
MA,Gripe,2025-03-01,23.0
MA,Gripe,2025-04-01,23.0
MA,Gripe,2025-05-01,53.0
MA,Gripe,2025-06-01,32.0
MA,Gripe,2025-07-01,23.0
MA,Gripe,2025-08-01,21.0
MA,Gripe,2025-09-01,19.0
MA,Gripe,2025-10-01,18.0
MA,Gripe,2025-11-01,17.0
MA,Gripe,2025-12-01,20.0
MA,Gripe,2026-01-01,18.0
MA,Gripe,2026-02-01,24.0
MA,Gripe,2026-03-01,41.0
MA,Gripe,2026-04-01,35.0
MA,Gripe,2026-05-01,35.0
MA,Gripe,2026-06-01,29.0
MA,Gripe,2026-07-01,23.0
MA,Gripe,2026-08-01,20.0
MA,Gripe,2026-09-01,18.0
MG,Gripe,2022-01-01,100.0
MG,Gripe,2022-02-01,16.0
MG,Gripe,2022-03-01,16.0
MG,Gripe,2022-04-01,29.0
MG,Gripe,2022-05-01,41.0
MG,Gripe,2022-06-01,46.0
MG,Gripe,2022-07-01,30.0
MG,Gripe,2022-08-01,21.0
MG,Gripe,2022-09-01,17.0
MG,Gripe,2022-10-01,14.0
MG,Gripe,2022-11-01,16.0
MG,Gripe,2022-12-01,16.0
MG,Gripe,2023-01-01,9.0
MG,Gripe,2023-02-01,15.0
MG,Gripe,2023-03-01,20.0
MG,Gripe,2023-04-01,35.0
MG,Gripe,2023-05-01,48.0
MG,Gripe,2023-06-01,40.0
MG,Gripe,2023-07-01,27.0
MG,Gripe,2023-08-01,16.0
MG,Gripe,2023-09-01,13.0
MG,Gripe,2023-10-01,11.0
MG,Gripe,2023-11-01,12.0
MG,Gripe,2023-12-01,11.0
MG,Gripe,2024-01-01,9.0
MG,Gripe,2024-02-01,18.0
MG,Gripe,2024-03-01,20.0
MG,Gripe,2024-04-01,32.0
MG,Gripe,2024-05-01,32.0
MG,Gripe,2024-06-01,30.0
MG,Gripe,2024-07-01,21.0
MG,Gripe,2024-08-01,16.0
MG,Gripe,2024-09-01,16.0
MG,Gripe,2024-10-01,13.0
MG,Gripe,2024-11-01,19.0
MG,Gripe,2024-12-01,16.0
MG,Gripe,2025-01-01,13.0
MG,Gripe,2025-02-01,15.0
MG,Gripe,2025-03-01,17.0
MG,Gripe,2025-04-01,31.0
MG,Gripe,2025-05-01,68.0
MG,Gripe,2025-06-01,39.0
MG,Gripe,2025-07-01,26.0
MG,Gripe,2025-08-01,22.0
MG,Gripe,2025-09-01,18.0
MG,Gripe,2025-10-01,14.0
MG,Gripe,2025-11-01,13.0
MG,Gripe,2025-12-01,17.0
MG,Gripe,2026-01-01,13.0
MG,Gripe,2026-02-01,16.0
MG,Gripe,2026-03-01,29.0
MG,Gripe,2026-04-01,40.0
MG,Gripe,2026-05-01,37.0
MG,Gripe,2026-06-01,36.0
MG,Gripe,2026-07-01,30.0
MG,Gripe,2026-08-01,16.0
MG,Gripe,2026-09-01,14.0
MS,Gripe,2022-01-01,100.0
MS,Gripe,2022-02-01,18.0
MS,Gripe,2022-03-01,16.0
MS,Gripe,2022-04-01,36.0
MS,Gripe,2022-05-01,46.0
MS,Gripe,2022-06-01,41.0
MS,Gripe,2022-07-01,33.0
MS,Gripe,2022-08-01,20.0
MS,Gripe,2022-09-01,19.0
MS,Gripe,2022-10-01,14.0
MS,Gripe,2022-11-01,20.0
MS,Gripe,2022-12-01,17.0
MS,Gripe,2023-01-01,9.0
MS,Gripe,2023-02-01,19.0
MS,Gripe,2023-03-01,30.0
MS,Gripe,2023-04-01,40.0
MS,Gripe,2023-05-01,50.0
MS,Gripe,2023-06-01,32.0
MS,Gripe,2023-07-01,23.0
MS,Gripe,2023-08-01,15.0
MS,Gripe,2023-09-01,15.0
MS,Gripe,2023-10-01,13.0
MS,Gripe,2023-11-01,13.0
MS,Gripe,2023-12-01,13.0
MS,Gripe,2024-01-01,10.0
MS,Gripe,2024-02-01,14.0
MS,Gripe,2024-03-01,21.0
MS,Gripe,2024-04-01,35.0
MS,Gripe,2024-05-01,41.0
MS,Gripe,2024-06-01,27.0
MS,Gripe,2024-07-01,20.0
MS,Gripe,2024-08-01,20.0
MS,Gripe,2024-09-01,19.0
MS,Gripe,2024-10-01,10.0
MS,Gripe,2024-11-01,15.0
MS,Gripe,2024-12-01,14.0
MS,Gripe,2025-01-01,13.0
MS,Gripe,2025-02-01,18.0
MS,Gripe,2025-03-01,26.0
MS,Gripe,2025-04-01,46.0
MS,Gripe,2025-05-01,66.0
MS,Gripe,2025-06-01,31.0
MS,Gripe,2025-07-01,25.0
MS,Gripe,2025-08-01,22.0
MS,Gripe,2025-09-01,20.0
MS,Gripe,2025-10-01,14.0
MS,Gripe,2025-11-01,16.0
MS,Gripe,2025-12-01,26.0
MS,Gripe,2026-01-01,16.0
MS,Gripe,2026-02-01,20.0
MS,Gripe,2026-03-01,30.0
MS,Gripe,2026-04-01,39.0
MS,Gripe,2026-05-01,44.0
MS,Gripe,2026-06-01,33.0
MS,Gripe,2026-07-01,29.0
MS,Gripe,2026-08-01,17.0
MS,Gripe,2026-09-01,17.0
MT,Gripe,2022-01-01,100.0
MT,Gripe,2022-02-01,18.0
MT,Gripe,2022-03-01,22.0
MT,Gripe,2022-04-01,27.0
MT,Gripe,2022-05-01,30.0
MT,Gripe,2022-06-01,35.0
MT,Gripe,2022-07-01,29.0
MT,Gripe,2022-08-01,18.0
MT,Gripe,2022-09-01,16.0
MT,Gripe,2022-10-01,16.0
MT,Gripe,2022-11-01,16.0
MT,Gripe,2022-12-01,19.0
MT,Gripe,2023-01-01,9.0
MT,Gripe,2023-02-01,18.0
MT,Gripe,2023-03-01,29.0
MT,Gripe,2023-04-01,44.0
MT,Gripe,2023-05-01,39.0
MT,Gripe,2023-06-01,27.0
MT,Gripe,2023-07-01,20.0
MT,Gripe,2023-08-01,17.0
MT,Gripe,2023-09-01,12.0
MT,Gripe,2023-10-01,12.0
MT,Gripe,2023-11-01,13.0
MT,Gripe,2023-12-01,15.0
MT,Gripe,2024-01-01,13.0
MT,Gripe,2024-02-01,16.0
MT,Gripe,2024-03-01,18.0
MT,Gripe,2024-04-01,31.0
MT,Gripe,2024-05-01,27.0
MT,Gripe,2024-06-01,20.0
MT,Gripe,2024-07-01,19.0
MT,Gripe,2024-08-01,17.0
MT,Gripe,2024-09-01,14.0
MT,Gripe,2024-10-01,11.0
MT,Gripe,2024-11-01,17.0
MT,Gripe,2024-12-01,18.0
MT,Gripe,2025-01-01,16.0
MT,Gripe,2025-02-01,17.0
MT,Gripe,2025-03-01,20.0
MT,Gripe,2025-04-01,26.0
MT,Gripe,2025-05-01,44.0
MT,Gripe,2025-06-01,33.0
MT,Gripe,2025-07-01,25.0
MT,Gripe,2025-08-01,22.0
MT,Gripe,2025-09-01,17.0
MT,Gripe,2025-10-01,15.0
MT,Gripe,2025-11-01,16.0
MT,Gripe,2025-12-01,20.0
MT,Gripe,2026-01-01,14.0
MT,Gripe,2026-02-01,19.0
MT,Gripe,2026-03-01,38.0
MT,Gripe,2026-04-01,41.0
MT,Gripe,2026-05-01,33.0
MT,Gripe,2026-06-01,26.0
MT,Gripe,2026-07-01,20.0
MT,Gripe,2026-08-01,19.0
MT,Gripe,2026-09-01,15.0
PA,Gripe,2022-01-01,92.0
PA,Gripe,2022-02-01,15.0
PA,Gripe,2022-03-01,20.0
PA,Gripe,2022-04-01,30.0
PA,Gripe,2022-05-01,33.0
PA,Gripe,2022-06-01,29.0
PA,Gripe,2022-07-01,30.0
PA,Gripe,2022-08-01,17.0
PA,Gripe,2022-09-01,21.0
PA,Gripe,2022-10-01,19.0
PA,Gripe,2022-11-01,16.0
PA,Gripe,2022-12-01,18.0
PA,Gripe,2023-01-01,16.0
PA,Gripe,2023-02-01,23.0
PA,Gripe,2023-03-01,31.0
PA,Gripe,2023-04-01,36.0
PA,Gripe,2023-05-01,39.0
PA,Gripe,2023-06-01,31.0
PA,Gripe,2023-07-01,22.0
PA,Gripe,2023-08-01,19.0
PA,Gripe,2023-09-01,18.0
PA,Gripe,2023-10-01,16.0
PA,Gripe,2023-11-01,18.0
PA,Gripe,2023-12-01,22.0
PA,Gripe,2024-01-01,18.0
PA,Gripe,2024-02-01,19.0
PA,Gripe,2024-03-01,27.0
PA,Gripe,2024-04-01,28.0
PA,Gripe,2024-05-01,26.0
PA,Gripe,2024-06-01,22.0
PA,Gripe,2024-07-01,17.0
PA,Gripe,2024-08-01,18.0
PA,Gripe,2024-09-01,21.0
PA,Gripe,2024-10-01,19.0
PA,Gripe,2024-11-01,20.0
PA,Gripe,2024-12-01,21.0
PA,Gripe,2025-01-01,24.0
PA,Gripe,2025-02-01,21.0
PA,Gripe,2025-03-01,25.0
PA,Gripe,2025-04-01,29.0
PA,Gripe,2025-05-01,41.0
PA,Gripe,2025-06-01,32.0
PA,Gripe,2025-07-01,25.0
PA,Gripe,2025-08-01,22.0
PA,Gripe,2025-09-01,20.0
PA,Gripe,2025-10-01,18.0
PA,Gripe,2025-11-01,19.0
PA,Gripe,2025-12-01,30.0
PA,Gripe,2026-01-01,25.0
PA,Gripe,2026-02-01,34.0
PA,Gripe,2026-03-01,36.0
PA,Gripe,2026-04-01,30.0
PA,Gripe,2026-05-01,32.0
PA,Gripe,2026-06-01,30.0
PA,Gripe,2026-07-01,20.0
PA,Gripe,2026-08-01,23.0
PA,Gripe,2026-09-01,22.0
PB,Gripe,2022-01-01,100.0
PB,Gripe,2022-02-01,17.0
PB,Gripe,2022-03-01,13.0
PB,Gripe,2022-04-01,23.0
PB,Gripe,2022-05-01,31.0
PB,Gripe,2022-06-01,36.0
PB,Gripe,2022-07-01,24.0
PB,Gripe,2022-08-01,17.0
PB,Gripe,2022-09-01,16.0
PB,Gripe,2022-10-01,13.0
PB,Gripe,2022-11-01,18.0
PB,Gripe,2022-12-01,10.0
PB,Gripe,2023-01-01,8.0
PB,Gripe,2023-02-01,13.0
PB,Gripe,2023-03-01,18.0
PB,Gripe,2023-04-01,35.0
PB,Gripe,2023-05-01,40.0
PB,Gripe,2023-06-01,24.0
PB,Gripe,2023-07-01,16.0
PB,Gripe,2023-08-01,14.0
PB,Gripe,2023-09-01,13.0
PB,Gripe,2023-10-01,13.0
PB,Gripe,2023-11-01,11.0
PB,Gripe,2023-12-01,16.0
PB,Gripe,2024-01-01,10.0
PB,Gripe,2024-02-01,10.0
PB,Gripe,2024-03-01,19.0
PB,Gripe,2024-04-01,22.0
PB,Gripe,2024-05-01,23.0
PB,Gripe,2024-06-01,19.0
PB,Gripe,2024-07-01,18.0
PB,Gripe,2024-08-01,16.0
PB,Gripe,2024-09-01,16.0
PB,Gripe,2024-10-01,14.0
PB,Gripe,2024-11-01,13.0
PB,Gripe,2024-12-01,14.0
PB,Gripe,2025-01-01,11.0
PB,Gripe,2025-02-01,12.0
PB,Gripe,2025-03-01,15.0
PB,Gripe,2025-04-01,18.0
PB,Gripe,2025-05-01,28.0
PB,Gripe,2025-06-01,26.0
PB,Gripe,2025-07-01,21.0
PB,Gripe,2025-08-01,18.0
PB,Gripe,2025-09-01,16.0
PB,Gripe,2025-10-01,14.0
PB,Gripe,2025-11-01,14.0
PB,Gripe,2025-12-01,15.0
PB,Gripe,2026-01-01,12.0
PB,Gripe,2026-02-01,16.0
PB,Gripe,2026-03-01,27.0
PB,Gripe,2026-04-01,26.0
PB,Gripe,2026-05-01,26.0
PB,Gripe,2026-06-01,21.0
PB,Gripe,2026-07-01,17.0
PB,Gripe,2026-08-01,18.0
PB,Gripe,2026-09-01,15.0
PE,Gripe,2022-01-01,100.0
PE,Gripe,2022-02-01,17.0
PE,Gripe,2022-03-01,15.0
PE,Gripe,2022-04-01,23.0
PE,Gripe,2022-05-01,28.0
PE,Gripe,2022-06-01,33.0
PE,Gripe,2022-07-01,23.0
PE,Gripe,2022-08-01,21.0
PE,Gripe,2022-09-01,16.0
PE,Gripe,2022-10-01,14.0
PE,Gripe,2022-11-01,21.0
PE,Gripe,2022-12-01,13.0
PE,Gripe,2023-01-01,8.0
PE,Gripe,2023-02-01,17.0
PE,Gripe,2023-03-01,24.0
PE,Gripe,2023-04-01,33.0
PE,Gripe,2023-05-01,31.0
PE,Gripe,2023-06-01,25.0
PE,Gripe,2023-07-01,17.0
PE,Gripe,2023-08-01,17.0
PE,Gripe,2023-09-01,14.0
PE,Gripe,2023-10-01,15.0
PE,Gripe,2023-11-01,14.0
PE,Gripe,2023-12-01,17.0
PE,Gripe,2024-01-01,11.0
PE,Gripe,2024-02-01,13.0
PE,Gripe,2024-03-01,21.0
PE,Gripe,2024-04-01,25.0
PE,Gripe,2024-05-01,24.0
PE,Gripe,2024-06-01,23.0
PE,Gripe,2024-07-01,18.0
PE,Gripe,2024-08-01,18.0
PE,Gripe,2024-09-01,19.0
PE,Gripe,2024-10-01,15.0
PE,Gripe,2024-11-01,14.0
PE,Gripe,2024-12-01,17.0
PE,Gripe,2025-01-01,11.0
PE,Gripe,2025-02-01,14.0
PE,Gripe,2025-03-01,18.0
PE,Gripe,2025-04-01,23.0
PE,Gripe,2025-05-01,30.0
PE,Gripe,2025-06-01,30.0
PE,Gripe,2025-07-01,24.0
PE,Gripe,2025-08-01,20.0
PE,Gripe,2025-09-01,21.0
PE,Gripe,2025-10-01,17.0
PE,Gripe,2025-11-01,15.0
PE,Gripe,2025-12-01,18.0
PE,Gripe,2026-01-01,12.0
PE,Gripe,2026-02-01,25.0
PE,Gripe,2026-03-01,30.0
PE,Gripe,2026-04-01,26.0
PE,Gripe,2026-05-01,27.0
PE,Gripe,2026-06-01,22.0
PE,Gripe,2026-07-01,19.0
PE,Gripe,2026-08-01,21.0
PE,Gripe,2026-09-01,17.0
PI,Gripe,2022-01-01,100.0
PI,Gripe,2022-02-01,18.0
PI,Gripe,2022-03-01,14.0
PI,Gripe,2022-04-01,28.0
PI,Gripe,2022-05-01,30.0
PI,Gripe,2022-06-01,36.0
PI,Gripe,2022-07-01,29.0
PI,Gripe,2022-08-01,15.0
PI,Gripe,2022-09-01,18.0
PI,Gripe,2022-10-01,14.0
PI,Gripe,2022-11-01,17.0
PI,Gripe,2022-12-01,20.0
PI,Gripe,2023-01-01,9.0
PI,Gripe,2023-02-01,17.0
PI,Gripe,2023-03-01,24.0
PI,Gripe,2023-04-01,40.0
PI,Gripe,2023-05-01,41.0
PI,Gripe,2023-06-01,28.0
PI,Gripe,2023-07-01,21.0
PI,Gripe,2023-08-01,16.0
PI,Gripe,2023-09-01,17.0
PI,Gripe,2023-10-01,15.0
PI,Gripe,2023-11-01,15.0
PI,Gripe,2023-12-01,18.0
PI,Gripe,2024-01-01,12.0
PI,Gripe,2024-02-01,13.0
PI,Gripe,2024-03-01,20.0
PI,Gripe,2024-04-01,32.0
PI,Gripe,2024-05-01,26.0
PI,Gripe,2024-06-01,23.0
PI,Gripe,2024-07-01,19.0
PI,Gripe,2024-08-01,14.0
PI,Gripe,2024-09-01,16.0
PI,Gripe,2024-10-01,12.0
PI,Gripe,2024-11-01,15.0
PI,Gripe,2024-12-01,15.0
PI,Gripe,2025-01-01,13.0
PI,Gripe,2025-02-01,14.0
PI,Gripe,2025-03-01,20.0
PI,Gripe,2025-04-01,22.0
PI,Gripe,2025-05-01,38.0
PI,Gripe,2025-06-01,26.0
PI,Gripe,2025-07-01,21.0
PI,Gripe,2025-08-01,21.0
PI,Gripe,2025-09-01,19.0
PI,Gripe,2025-10-01,15.0
PI,Gripe,2025-11-01,14.0
PI,Gripe,2025-12-01,17.0
PI,Gripe,2026-01-01,14.0
PI,Gripe,2026-02-01,18.0
PI,Gripe,2026-03-01,40.0
PI,Gripe,2026-04-01,37.0
PI,Gripe,2026-05-01,33.0
PI,Gripe,2026-06-01,27.0
PI,Gripe,2026-07-01,22.0
PI,Gripe,2026-08-01,19.0
PI,Gripe,2026-09-01,18.0
PR,Gripe,2022-01-01,100.0
PR,Gripe,2022-02-01,22.0
PR,Gripe,2022-03-01,26.0
PR,Gripe,2022-04-01,65.0
PR,Gripe,2022-05-01,76.0
PR,Gripe,2022-06-01,71.0
PR,Gripe,2022-07-01,40.0
PR,Gripe,2022-08-01,29.0
PR,Gripe,2022-09-01,24.0
PR,Gripe,2022-10-01,22.0
PR,Gripe,2022-11-01,29.0
PR,Gripe,2022-12-01,21.0
PR,Gripe,2023-01-01,10.0
PR,Gripe,2023-02-01,21.0
PR,Gripe,2023-03-01,34.0
PR,Gripe,2023-04-01,54.0
PR,Gripe,2023-05-01,65.0
PR,Gripe,2023-06-01,49.0
PR,Gripe,2023-07-01,33.0
PR,Gripe,2023-08-01,25.0
PR,Gripe,2023-09-01,19.0
PR,Gripe,2023-10-01,19.0
PR,Gripe,2023-11-01,16.0
PR,Gripe,2023-12-01,15.0
PR,Gripe,2024-01-01,12.0
PR,Gripe,2024-02-01,20.0
PR,Gripe,2024-03-01,32.0
PR,Gripe,2024-04-01,46.0
PR,Gripe,2024-05-01,44.0
PR,Gripe,2024-06-01,43.0
PR,Gripe,2024-07-01,37.0
PR,Gripe,2024-08-01,38.0
PR,Gripe,2024-09-01,27.0
PR,Gripe,2024-10-01,22.0
PR,Gripe,2024-11-01,24.0
PR,Gripe,2024-12-01,21.0
PR,Gripe,2025-01-01,14.0
PR,Gripe,2025-02-01,20.0
PR,Gripe,2025-03-01,25.0
PR,Gripe,2025-04-01,40.0
PR,Gripe,2025-05-01,80.0
PR,Gripe,2025-06-01,62.0
PR,Gripe,2025-07-01,36.0
PR,Gripe,2025-08-01,33.0
PR,Gripe,2025-09-01,26.0
PR,Gripe,2025-10-01,24.0
PR,Gripe,2025-11-01,24.0
PR,Gripe,2025-12-01,24.0
PR,Gripe,2026-01-01,16.0
PR,Gripe,2026-02-01,21.0
PR,Gripe,2026-03-01,37.0
PR,Gripe,2026-04-01,48.0
PR,Gripe,2026-05-01,68.0
PR,Gripe,2026-06-01,58.0
PR,Gripe,2026-07-01,43.0
PR,Gripe,2026-08-01,28.0
PR,Gripe,2026-09-01,25.0
RJ,Gripe,2022-01-01,42.0
RJ,Gripe,2022-02-01,7.0
RJ,Gripe,2022-03-01,10.0
RJ,Gripe,2022-04-01,22.0
RJ,Gripe,2022-05-01,26.0
RJ,Gripe,2022-06-01,29.0
RJ,Gripe,2022-07-01,13.0
RJ,Gripe,2022-08-01,10.0
RJ,Gripe,2022-09-01,9.0
RJ,Gripe,2022-10-01,8.0
RJ,Gripe,2022-11-01,11.0
RJ,Gripe,2022-12-01,6.0
RJ,Gripe,2023-01-01,4.0
RJ,Gripe,2023-02-01,9.0
RJ,Gripe,2023-03-01,12.0
RJ,Gripe,2023-04-01,21.0
RJ,Gripe,2023-05-01,30.0
RJ,Gripe,2023-06-01,18.0
RJ,Gripe,2023-07-01,12.0
RJ,Gripe,2023-08-01,11.0
RJ,Gripe,2023-09-01,10.0
RJ,Gripe,2023-10-01,8.0
RJ,Gripe,2023-11-01,7.0
RJ,Gripe,2023-12-01,7.0
RJ,Gripe,2024-01-01,6.0
RJ,Gripe,2024-02-01,11.0
RJ,Gripe,2024-03-01,14.0
RJ,Gripe,2024-04-01,21.0
RJ,Gripe,2024-05-01,14.0
RJ,Gripe,2024-06-01,16.0
RJ,Gripe,2024-07-01,13.0
RJ,Gripe,2024-08-01,12.0
RJ,Gripe,2024-09-01,9.0
RJ,Gripe,2024-10-01,9.0
RJ,Gripe,2024-11-01,12.0
RJ,Gripe,2024-12-01,9.0
RJ,Gripe,2025-01-01,7.0
RJ,Gripe,2025-02-01,7.0
RJ,Gripe,2025-03-01,10.0
RJ,Gripe,2025-04-01,18.0
RJ,Gripe,2025-05-01,36.0
RJ,Gripe,2025-06-01,21.0
RJ,Gripe,2025-07-01,14.0
RJ,Gripe,2025-08-01,12.0
RJ,Gripe,2025-09-01,9.0
RJ,Gripe,2025-10-01,9.0
RJ,Gripe,2025-11-01,9.0
RJ,Gripe,2025-12-01,9.0
RJ,Gripe,2026-01-01,8.0
RJ,Gripe,2026-02-01,10.0
RJ,Gripe,2026-03-01,20.0
RJ,Gripe,2026-04-01,19.0
RJ,Gripe,2026-05-01,17.0
RJ,Gripe,2026-06-01,17.0
RJ,Gripe,2026-07-01,16.0
RJ,Gripe,2026-08-01,11.0
RJ,Gripe,2026-09-01,10.0
RN,Gripe,2022-01-01,100.0
RN,Gripe,2022-02-01,14.0
RN,Gripe,2022-03-01,14.0
RN,Gripe,2022-04-01,32.0
RN,Gripe,2022-05-01,29.0
RN,Gripe,2022-06-01,38.0
RN,Gripe,2022-07-01,23.0
RN,Gripe,2022-08-01,18.0
RN,Gripe,2022-09-01,16.0
RN,Gripe,2022-10-01,13.0
RN,Gripe,2022-11-01,19.0
RN,Gripe,2022-12-01,14.0
RN,Gripe,2023-01-01,8.0
RN,Gripe,2023-02-01,14.0
RN,Gripe,2023-03-01,17.0
RN,Gripe,2023-04-01,35.0
RN,Gripe,2023-05-01,35.0
RN,Gripe,2023-06-01,27.0
RN,Gripe,2023-07-01,21.0
RN,Gripe,2023-08-01,16.0
RN,Gripe,2023-09-01,15.0
RN,Gripe,2023-10-01,14.0
RN,Gripe,2023-11-01,13.0
RN,Gripe,2023-12-01,16.0
RN,Gripe,2024-01-01,11.0
RN,Gripe,2024-02-01,9.0
RN,Gripe,2024-03-01,23.0
RN,Gripe,2024-04-01,26.0
RN,Gripe,2024-05-01,20.0
RN,Gripe,2024-06-01,21.0
RN,Gripe,2024-07-01,20.0
RN,Gripe,2024-08-01,16.0
RN,Gripe,2024-09-01,16.0
RN,Gripe,2024-10-01,15.0
RN,Gripe,2024-11-01,14.0
RN,Gripe,2024-12-01,16.0
RN,Gripe,2025-01-01,12.0
RN,Gripe,2025-02-01,13.0
RN,Gripe,2025-03-01,17.0
RN,Gripe,2025-04-01,23.0
RN,Gripe,2025-05-01,31.0
RN,Gripe,2025-06-01,28.0
RN,Gripe,2025-07-01,22.0
RN,Gripe,2025-08-01,19.0
RN,Gripe,2025-09-01,16.0
RN,Gripe,2025-10-01,16.0
RN,Gripe,2025-11-01,14.0
RN,Gripe,2025-12-01,17.0
RN,Gripe,2026-01-01,12.0
RN,Gripe,2026-02-01,19.0
RN,Gripe,2026-03-01,32.0
RN,Gripe,2026-04-01,25.0
RN,Gripe,2026-05-01,30.0
RN,Gripe,2026-06-01,24.0
RN,Gripe,2026-07-01,19.0
RN,Gripe,2026-08-01,18.0
RN,Gripe,2026-09-01,16.0
RO,Gripe,2022-01-01,100.0
RO,Gripe,2022-02-01,24.0
RO,Gripe,2022-03-01,24.0
RO,Gripe,2022-04-01,31.0
RO,Gripe,2022-05-01,32.0
RO,Gripe,2022-06-01,34.0
RO,Gripe,2022-07-01,32.0
RO,Gripe,2022-08-01,20.0
RO,Gripe,2022-09-01,22.0
RO,Gripe,2022-10-01,16.0
RO,Gripe,2022-11-01,19.0
RO,Gripe,2022-12-01,22.0
RO,Gripe,2023-01-01,13.0
RO,Gripe,2023-02-01,23.0
RO,Gripe,2023-03-01,32.0
RO,Gripe,2023-04-01,39.0
RO,Gripe,2023-05-01,37.0
RO,Gripe,2023-06-01,29.0
RO,Gripe,2023-07-01,22.0
RO,Gripe,2023-08-01,21.0
RO,Gripe,2023-09-01,20.0
RO,Gripe,2023-10-01,18.0
RO,Gripe,2023-11-01,20.0
RO,Gripe,2023-12-01,21.0
RO,Gripe,2024-01-01,16.0
RO,Gripe,2024-02-01,18.0
RO,Gripe,2024-03-01,20.0
RO,Gripe,2024-04-01,31.0
RO,Gripe,2024-05-01,28.0
RO,Gripe,2024-06-01,23.0
RO,Gripe,2024-07-01,19.0
RO,Gripe,2024-08-01,17.0
RO,Gripe,2024-09-01,22.0
RO,Gripe,2024-10-01,17.0
RO,Gripe,2024-11-01,20.0
RO,Gripe,2024-12-01,22.0
RO,Gripe,2025-01-01,20.0
RO,Gripe,2025-02-01,16.0
RO,Gripe,2025-03-01,24.0
RO,Gripe,2025-04-01,25.0
RO,Gripe,2025-05-01,39.0
RO,Gripe,2025-06-01,32.0
RO,Gripe,2025-07-01,27.0
RO,Gripe,2025-08-01,24.0
RO,Gripe,2025-09-01,21.0
RO,Gripe,2025-10-01,19.0
RO,Gripe,2025-11-01,22.0
RO,Gripe,2025-12-01,25.0
RO,Gripe,2026-01-01,20.0
RO,Gripe,2026-02-01,27.0
RO,Gripe,2026-03-01,34.0
RO,Gripe,2026-04-01,34.0
RO,Gripe,2026-05-01,30.0
RO,Gripe,2026-06-01,25.0
RO,Gripe,2026-07-01,24.0
RO,Gripe,2026-08-01,18.0
RO,Gripe,2026-09-01,18.0
RR,Gripe,2022-01-01,100.0
RR,Gripe,2022-02-01,18.0
RR,Gripe,2022-03-01,24.0
RR,Gripe,2022-04-01,30.0
RR,Gripe,2022-05-01,49.0
RR,Gripe,2022-06-01,54.0
RR,Gripe,2022-07-01,33.0
RR,Gripe,2022-08-01,27.0
RR,Gripe,2022-09-01,23.0
RR,Gripe,2022-10-01,28.0
RR,Gripe,2022-11-01,33.0
RR,Gripe,2022-12-01,21.0
RR,Gripe,2023-01-01,18.0
RR,Gripe,2023-02-01,33.0
RR,Gripe,2023-03-01,34.0
RR,Gripe,2023-04-01,31.0
RR,Gripe,2023-05-01,43.0
RR,Gripe,2023-06-01,46.0
RR,Gripe,2023-07-01,43.0
RR,Gripe,2023-08-01,39.0
RR,Gripe,2023-09-01,18.0
RR,Gripe,2023-10-01,30.0
RR,Gripe,2023-11-01,24.0
RR,Gripe,2023-12-01,24.0
RR,Gripe,2024-01-01,20.0
RR,Gripe,2024-02-01,15.0
RR,Gripe,2024-03-01,19.0
RR,Gripe,2024-04-01,27.0
RR,Gripe,2024-05-01,29.0
RR,Gripe,2024-06-01,48.0
RR,Gripe,2024-07-01,36.0
RR,Gripe,2024-08-01,26.0
RR,Gripe,2024-09-01,30.0
RR,Gripe,2024-10-01,25.0
RR,Gripe,2024-11-01,22.0
RR,Gripe,2024-12-01,28.0
RR,Gripe,2025-01-01,23.0
RR,Gripe,2025-02-01,24.0
RR,Gripe,2025-03-01,25.0
RR,Gripe,2025-04-01,23.0
RR,Gripe,2025-05-01,35.0
RR,Gripe,2025-06-01,64.0
RR,Gripe,2025-07-01,37.0
RR,Gripe,2025-08-01,41.0
RR,Gripe,2025-09-01,25.0
RR,Gripe,2025-10-01,25.0
RR,Gripe,2025-11-01,25.0
RR,Gripe,2025-12-01,26.0
RR,Gripe,2026-01-01,22.0
RR,Gripe,2026-02-01,28.0
RR,Gripe,2026-03-01,37.0
RR,Gripe,2026-04-01,33.0
RR,Gripe,2026-05-01,41.0
RR,Gripe,2026-06-01,51.0
RR,Gripe,2026-07-01,39.0
RR,Gripe,2026-08-01,34.0
RR,Gripe,2026-09-01,32.0
RS,Gripe,2022-01-01,50.0
RS,Gripe,2022-02-01,15.0
RS,Gripe,2022-03-01,23.0
RS,Gripe,2022-04-01,57.0
RS,Gripe,2022-05-01,74.0
RS,Gripe,2022-06-01,61.0
RS,Gripe,2022-07-01,33.0
RS,Gripe,2022-08-01,29.0
RS,Gripe,2022-09-01,22.0
RS,Gripe,2022-10-01,16.0
RS,Gripe,2022-11-01,16.0
RS,Gripe,2022-12-01,17.0
RS,Gripe,2023-01-01,7.0
RS,Gripe,2023-02-01,12.0
RS,Gripe,2023-03-01,26.0
RS,Gripe,2023-04-01,53.0
RS,Gripe,2023-05-01,81.0
RS,Gripe,2023-06-01,47.0
RS,Gripe,2023-07-01,28.0
RS,Gripe,2023-08-01,25.0
RS,Gripe,2023-09-01,20.0
RS,Gripe,2023-10-01,24.0
RS,Gripe,2023-11-01,17.0
RS,Gripe,2023-12-01,12.0
RS,Gripe,2024-01-01,12.0
RS,Gripe,2024-02-01,15.0
RS,Gripe,2024-03-01,35.0
RS,Gripe,2024-04-01,47.0
RS,Gripe,2024-05-01,34.0
RS,Gripe,2024-06-01,32.0
RS,Gripe,2024-07-01,35.0
RS,Gripe,2024-08-01,28.0
RS,Gripe,2024-09-01,26.0
RS,Gripe,2024-10-01,23.0
RS,Gripe,2024-11-01,18.0
RS,Gripe,2024-12-01,17.0
RS,Gripe,2025-01-01,11.0
RS,Gripe,2025-02-01,12.0
RS,Gripe,2025-03-01,29.0
RS,Gripe,2025-04-01,44.0
RS,Gripe,2025-05-01,100.0
RS,Gripe,2025-06-01,58.0
RS,Gripe,2025-07-01,36.0
RS,Gripe,2025-08-01,28.0
RS,Gripe,2025-09-01,27.0
RS,Gripe,2025-10-01,21.0
RS,Gripe,2025-11-01,17.0
RS,Gripe,2025-12-01,18.0
RS,Gripe,2026-01-01,13.0
RS,Gripe,2026-02-01,13.0
RS,Gripe,2026-03-01,41.0
RS,Gripe,2026-04-01,47.0
RS,Gripe,2026-05-01,75.0
RS,Gripe,2026-06-01,49.0
RS,Gripe,2026-07-01,35.0
RS,Gripe,2026-08-01,25.0
RS,Gripe,2026-09-01,30.0
SC,Gripe,2022-01-01,100.0
SC,Gripe,2022-02-01,24.0
SC,Gripe,2022-03-01,29.0
SC,Gripe,2022-04-01,56.0
SC,Gripe,2022-05-01,76.0
SC,Gripe,2022-06-01,79.0
SC,Gripe,2022-07-01,56.0
SC,Gripe,2022-08-01,35.0
SC,Gripe,2022-09-01,29.0
SC,Gripe,2022-10-01,23.0
SC,Gripe,2022-11-01,27.0
SC,Gripe,2022-12-01,21.0
SC,Gripe,2023-01-01,12.0
SC,Gripe,2023-02-01,23.0
SC,Gripe,2023-03-01,41.0
SC,Gripe,2023-04-01,68.0
SC,Gripe,2023-05-01,76.0
SC,Gripe,2023-06-01,56.0
SC,Gripe,2023-07-01,44.0
SC,Gripe,2023-08-01,31.0
SC,Gripe,2023-09-01,28.0
SC,Gripe,2023-10-01,29.0
SC,Gripe,2023-11-01,22.0
SC,Gripe,2023-12-01,18.0
SC,Gripe,2024-01-01,17.0
SC,Gripe,2024-02-01,26.0
SC,Gripe,2024-03-01,44.0
SC,Gripe,2024-04-01,62.0
SC,Gripe,2024-05-01,56.0
SC,Gripe,2024-06-01,46.0
SC,Gripe,2024-07-01,42.0
SC,Gripe,2024-08-01,38.0
SC,Gripe,2024-09-01,33.0
SC,Gripe,2024-10-01,31.0
SC,Gripe,2024-11-01,30.0
SC,Gripe,2024-12-01,27.0
SC,Gripe,2025-01-01,17.0
SC,Gripe,2025-02-01,21.0
SC,Gripe,2025-03-01,30.0
SC,Gripe,2025-04-01,58.0
SC,Gripe,2025-05-01,98.0
SC,Gripe,2025-06-01,67.0
SC,Gripe,2025-07-01,49.0
SC,Gripe,2025-08-01,35.0
SC,Gripe,2025-09-01,33.0
SC,Gripe,2025-10-01,30.0
SC,Gripe,2025-11-01,28.0
SC,Gripe,2025-12-01,26.0
SC,Gripe,2026-01-01,21.0
SC,Gripe,2026-02-01,22.0
SC,Gripe,2026-03-01,48.0
SC,Gripe,2026-04-01,58.0
SC,Gripe,2026-05-01,70.0
SC,Gripe,2026-06-01,57.0
SC,Gripe,2026-07-01,64.0
SC,Gripe,2026-08-01,33.0
SC,Gripe,2026-09-01,33.0
SE,Gripe,2022-01-01,100.0
SE,Gripe,2022-02-01,16.0
SE,Gripe,2022-03-01,14.0
SE,Gripe,2022-04-01,25.0
SE,Gripe,2022-05-01,28.0
SE,Gripe,2022-06-01,40.0
SE,Gripe,2022-07-01,33.0
SE,Gripe,2022-08-01,19.0
SE,Gripe,2022-09-01,16.0
SE,Gripe,2022-10-01,14.0
SE,Gripe,2022-11-01,18.0
SE,Gripe,2022-12-01,15.0
SE,Gripe,2023-01-01,9.0
SE,Gripe,2023-02-01,15.0
SE,Gripe,2023-03-01,20.0
SE,Gripe,2023-04-01,32.0
SE,Gripe,2023-05-01,33.0
SE,Gripe,2023-06-01,26.0
SE,Gripe,2023-07-01,26.0
SE,Gripe,2023-08-01,18.0
SE,Gripe,2023-09-01,18.0
SE,Gripe,2023-10-01,15.0
SE,Gripe,2023-11-01,13.0
SE,Gripe,2023-12-01,17.0
SE,Gripe,2024-01-01,12.0
SE,Gripe,2024-02-01,11.0
SE,Gripe,2024-03-01,17.0
SE,Gripe,2024-04-01,22.0
SE,Gripe,2024-05-01,28.0
SE,Gripe,2024-06-01,26.0
SE,Gripe,2024-07-01,22.0
SE,Gripe,2024-08-01,16.0
SE,Gripe,2024-09-01,19.0
SE,Gripe,2024-10-01,15.0
SE,Gripe,2024-11-01,12.0
SE,Gripe,2024-12-01,15.0
SE,Gripe,2025-01-01,14.0
SE,Gripe,2025-02-01,12.0
SE,Gripe,2025-03-01,16.0
SE,Gripe,2025-04-01,18.0
SE,Gripe,2025-05-01,28.0
SE,Gripe,2025-06-01,36.0
SE,Gripe,2025-07-01,25.0
SE,Gripe,2025-08-01,24.0
SE,Gripe,2025-09-01,20.0
SE,Gripe,2025-10-01,18.0
SE,Gripe,2025-11-01,14.0
SE,Gripe,2025-12-01,16.0
SE,Gripe,2026-01-01,12.0
SE,Gripe,2026-02-01,19.0
SE,Gripe,2026-03-01,28.0
SE,Gripe,2026-04-01,30.0
SE,Gripe,2026-05-01,31.0
SE,Gripe,2026-06-01,27.0
SE,Gripe,2026-07-01,19.0
SE,Gripe,2026-08-01,21.0
SE,Gripe,2026-09-01,16.0
SP,Gripe,2022-01-01,88.0
SP,Gripe,2022-02-01,15.0
SP,Gripe,2022-03-01,18.0
SP,Gripe,2022-04-01,37.0
SP,Gripe,2022-05-01,43.0
SP,Gripe,2022-06-01,45.0
SP,Gripe,2022-07-01,24.0
SP,Gripe,2022-08-01,21.0
SP,Gripe,2022-09-01,21.0
SP,Gripe,2022-10-01,16.0
SP,Gripe,2022-11-01,19.0
SP,Gripe,2022-12-01,13.0
SP,Gripe,2023-01-01,9.0
SP,Gripe,2023-02-01,21.0
SP,Gripe,2023-03-01,24.0
SP,Gripe,2023-04-01,38.0
SP,Gripe,2023-05-01,47.0
SP,Gripe,2023-06-01,35.0
SP,Gripe,2023-07-01,19.0
SP,Gripe,2023-08-01,18.0
SP,Gripe,2023-09-01,14.0
SP,Gripe,2023-10-01,13.0
SP,Gripe,2023-11-01,12.0
SP,Gripe,2023-12-01,9.0
SP,Gripe,2024-01-01,9.0
SP,Gripe,2024-02-01,18.0
SP,Gripe,2024-03-01,23.0
SP,Gripe,2024-04-01,36.0
SP,Gripe,2024-05-01,31.0
SP,Gripe,2024-06-01,32.0
SP,Gripe,2024-07-01,22.0
SP,Gripe,2024-08-01,23.0
SP,Gripe,2024-09-01,18.0
SP,Gripe,2024-10-01,15.0
SP,Gripe,2024-11-01,18.0
SP,Gripe,2024-12-01,15.0
SP,Gripe,2025-01-01,12.0
SP,Gripe,2025-02-01,15.0
SP,Gripe,2025-03-01,19.0
SP,Gripe,2025-04-01,35.0
SP,Gripe,2025-05-01,61.0
SP,Gripe,2025-06-01,39.0
SP,Gripe,2025-07-01,23.0
SP,Gripe,2025-08-01,23.0
SP,Gripe,2025-09-01,17.0
SP,Gripe,2025-10-01,18.0
SP,Gripe,2025-11-01,19.0
SP,Gripe,2025-12-01,17.0
SP,Gripe,2026-01-01,12.0
SP,Gripe,2026-02-01,17.0
SP,Gripe,2026-03-01,30.0
SP,Gripe,2026-04-01,37.0
SP,Gripe,2026-05-01,39.0
SP,Gripe,2026-06-01,38.0
SP,Gripe,2026-07-01,25.0
SP,Gripe,2026-08-01,20.0
SP,Gripe,2026-09-01,15.0
TO,Gripe,2022-01-01,100.0
TO,Gripe,2022-02-01,16.0
TO,Gripe,2022-03-01,22.0
TO,Gripe,2022-04-01,25.0
TO,Gripe,2022-05-01,27.0
TO,Gripe,2022-06-01,32.0
TO,Gripe,2022-07-01,23.0
TO,Gripe,2022-08-01,17.0
TO,Gripe,2022-09-01,18.0
TO,Gripe,2022-10-01,14.0
TO,Gripe,2022-11-01,16.0
TO,Gripe,2022-12-01,17.0
TO,Gripe,2023-01-01,11.0
TO,Gripe,2023-02-01,19.0
TO,Gripe,2023-03-01,30.0
TO,Gripe,2023-04-01,32.0
TO,Gripe,2023-05-01,31.0
TO,Gripe,2023-06-01,28.0
TO,Gripe,2023-07-01,21.0
TO,Gripe,2023-08-01,17.0
TO,Gripe,2023-09-01,16.0
TO,Gripe,2023-10-01,13.0
TO,Gripe,2023-11-01,16.0
TO,Gripe,2023-12-01,16.0
TO,Gripe,2024-01-01,14.0
TO,Gripe,2024-02-01,16.0
TO,Gripe,2024-03-01,19.0
TO,Gripe,2024-04-01,34.0
TO,Gripe,2024-05-01,26.0
TO,Gripe,2024-06-01,19.0
TO,Gripe,2024-07-01,16.0
TO,Gripe,2024-08-01,16.0
TO,Gripe,2024-09-01,19.0
TO,Gripe,2024-10-01,15.0
TO,Gripe,2024-11-01,19.0
TO,Gripe,2024-12-01,18.0
TO,Gripe,2025-01-01,15.0
TO,Gripe,2025-02-01,21.0
TO,Gripe,2025-03-01,18.0
TO,Gripe,2025-04-01,21.0
TO,Gripe,2025-05-01,40.0
TO,Gripe,2025-06-01,24.0
TO,Gripe,2025-07-01,20.0
TO,Gripe,2025-08-01,22.0
TO,Gripe,2025-09-01,20.0
TO,Gripe,2025-10-01,19.0
TO,Gripe,2025-11-01,16.0
TO,Gripe,2025-12-01,21.0
TO,Gripe,2026-01-01,15.0
TO,Gripe,2026-02-01,22.0
TO,Gripe,2026-03-01,30.0
TO,Gripe,2026-04-01,30.0
TO,Gripe,2026-05-01,32.0
TO,Gripe,2026-06-01,25.0
TO,Gripe,2026-07-01,22.0
TO,Gripe,2026-08-01,17.0
TO,Gripe,2026-09-01,18.0
AL,candidíase,2022-01-01,55.0
AL,candidíase,2022-02-01,68.5
AL,candidíase,2022-03-01,60.25
AL,candidíase,2022-04-01,77.75
AL,candidíase,2022-05-01,61.4
AL,candidíase,2022-06-01,77.25
AL,candidíase,2022-07-01,65.6
AL,candidíase,2022-08-01,77.25
AL,candidíase,2022-09-01,62.75
AL,candidíase,2022-10-01,59.8
AL,candidíase,2022-11-01,69.25
AL,candidíase,2022-12-01,71.75
AL,candidíase,2023-01-01,67.6
AL,candidíase,2023-02-01,72.0
AL,candidíase,2023-03-01,65.25
AL,candidíase,2023-04-01,78.0
AL,candidíase,2023-05-01,73.5
AL,candidíase,2023-06-01,78.75
AL,candidíase,2023-07-01,69.4
AL,candidíase,2023-08-01,65.0
AL,candidíase,2023-09-01,64.5
AL,candidíase,2023-10-01,69.2
AL,candidíase,2023-11-01,56.75
AL,candidíase,2023-12-01,57.2
AL,candidíase,2024-01-01,58.0
AL,candidíase,2024-02-01,53.5
AL,candidíase,2024-03-01,55.6
AL,candidíase,2024-04-01,54.75
AL,candidíase,2024-05-01,59.25
AL,candidíase,2024-06-01,62.8
AL,candidíase,2024-07-01,56.0
AL,candidíase,2024-08-01,61.0
AL,candidíase,2024-09-01,61.4
AL,candidíase,2024-10-01,67.75
AL,candidíase,2024-11-01,52.75
AL,candidíase,2024-12-01,54.4
AL,candidíase,2025-01-01,53.0
AL,candidíase,2025-02-01,65.5
AL,candidíase,2025-03-01,64.4
AL,candidíase,2025-04-01,74.75
AL,candidíase,2025-05-01,45.75
AL,candidíase,2025-06-01,66.8
AL,candidíase,2025-07-01,78.25
AL,candidíase,2025-08-01,72.0
AL,candidíase,2025-09-01,72.0
AL,candidíase,2025-10-01,69.0
AL,candidíase,2025-11-01,64.0
AL,candidíase,2025-12-01,61.0
AL,candidíase,2026-01-01,69.25
AL,candidíase,2026-02-01,58.25
AL,candidíase,2026-03-01,53.0
AL,candidíase,2026-04-01,57.75
AL,candidíase,2026-05-01,55.0
AL,candidíase,2026-06-01,69.5
AL,candidíase,2026-07-01,45.25
AL,candidíase,2026-08-01,61.0
AL,candidíase,2026-09-01,49.25
AM,candidíase,2022-01-01,77.4
AM,candidíase,2022-02-01,76.5
AM,candidíase,2022-03-01,71.25
AM,candidíase,2022-04-01,82.0
AM,candidíase,2022-05-01,71.0
AM,candidíase,2022-06-01,80.75
AM,candidíase,2022-07-01,64.0
AM,candidíase,2022-08-01,68.0
AM,candidíase,2022-09-01,73.5
AM,candidíase,2022-10-01,65.2
AM,candidíase,2022-11-01,64.5
AM,candidíase,2022-12-01,64.5
AM,candidíase,2023-01-01,74.2
AM,candidíase,2023-02-01,66.25
AM,candidíase,2023-03-01,72.0
AM,candidíase,2023-04-01,67.6
AM,candidíase,2023-05-01,82.0
AM,candidíase,2023-06-01,78.5
AM,candidíase,2023-07-01,75.0
AM,candidíase,2023-08-01,69.5
AM,candidíase,2023-09-01,68.0
AM,candidíase,2023-10-01,63.0
AM,candidíase,2023-11-01,70.75
AM,candidíase,2023-12-01,65.8
AM,candidíase,2024-01-01,61.75
AM,candidíase,2024-02-01,57.0
AM,candidíase,2024-03-01,60.6
AM,candidíase,2024-04-01,59.5
AM,candidíase,2024-05-01,63.75
AM,candidíase,2024-06-01,56.8
AM,candidíase,2024-07-01,54.5
AM,candidíase,2024-08-01,56.75
AM,candidíase,2024-09-01,53.8
AM,candidíase,2024-10-01,59.25
AM,candidíase,2024-11-01,74.75
AM,candidíase,2024-12-01,59.2
AM,candidíase,2025-01-01,74.75
AM,candidíase,2025-02-01,69.5
AM,candidíase,2025-03-01,72.0
AM,candidíase,2025-04-01,73.0
AM,candidíase,2025-05-01,67.75
AM,candidíase,2025-06-01,67.6
AM,candidíase,2025-07-01,66.0
AM,candidíase,2025-08-01,68.2
AM,candidíase,2025-09-01,71.0
AM,candidíase,2025-10-01,74.5
AM,candidíase,2025-11-01,70.8
AM,candidíase,2025-12-01,73.75
AM,candidíase,2026-01-01,87.75
AM,candidíase,2026-02-01,68.75
AM,candidíase,2026-03-01,76.4
AM,candidíase,2026-04-01,76.0
AM,candidíase,2026-05-01,72.4
AM,candidíase,2026-06-01,70.5
AM,candidíase,2026-07-01,70.5
AM,candidíase,2026-08-01,62.2
AM,candidíase,2026-09-01,63.0
BA,candidíase,2022-01-01,67.2
BA,candidíase,2022-02-01,69.25
BA,candidíase,2022-03-01,69.0
BA,candidíase,2022-04-01,80.75
BA,candidíase,2022-05-01,70.0
BA,candidíase,2022-06-01,74.5
BA,candidíase,2022-07-01,75.2
BA,candidíase,2022-08-01,74.75
BA,candidíase,2022-09-01,75.25
BA,candidíase,2022-10-01,70.4
BA,candidíase,2022-11-01,80.0
BA,candidíase,2022-12-01,83.25
BA,candidíase,2023-01-01,81.2
BA,candidíase,2023-02-01,84.75
BA,candidíase,2023-03-01,77.25
BA,candidíase,2023-04-01,78.4
BA,candidíase,2023-05-01,87.5
BA,candidíase,2023-06-01,92.0
BA,candidíase,2023-07-01,76.4
BA,candidíase,2023-08-01,81.25
BA,candidíase,2023-09-01,77.25
BA,candidíase,2023-10-01,77.0
BA,candidíase,2023-11-01,73.25
BA,candidíase,2023-12-01,71.6
BA,candidíase,2024-01-01,70.5
BA,candidíase,2024-02-01,68.75
BA,candidíase,2024-03-01,69.2
BA,candidíase,2024-04-01,68.25
BA,candidíase,2024-05-01,70.25
BA,candidíase,2024-06-01,72.2
BA,candidíase,2024-07-01,69.75
BA,candidíase,2024-08-01,69.0
BA,candidíase,2024-09-01,74.4
BA,candidíase,2024-10-01,73.75
BA,candidíase,2024-11-01,70.0
BA,candidíase,2024-12-01,71.2
BA,candidíase,2025-01-01,75.25
BA,candidíase,2025-02-01,69.5
BA,candidíase,2025-03-01,75.0
BA,candidíase,2025-04-01,71.5
BA,candidíase,2025-05-01,73.25
BA,candidíase,2025-06-01,76.6
BA,candidíase,2025-07-01,82.75
BA,candidíase,2025-08-01,82.4
BA,candidíase,2025-09-01,77.5
BA,candidíase,2025-10-01,75.5
BA,candidíase,2025-11-01,75.6
BA,candidíase,2025-12-01,75.5
BA,candidíase,2026-01-01,81.75
BA,candidíase,2026-02-01,75.5
BA,candidíase,2026-03-01,75.0
BA,candidíase,2026-04-01,74.25
BA,candidíase,2026-05-01,67.0
BA,candidíase,2026-06-01,72.5
BA,candidíase,2026-07-01,73.25
BA,candidíase,2026-08-01,67.8
BA,candidíase,2026-09-01,64.25
CE,candidíase,2022-01-01,64.2
CE,candidíase,2022-02-01,62.75
CE,candidíase,2022-03-01,72.25
CE,candidíase,2022-04-01,88.5
CE,candidíase,2022-05-01,82.2
CE,candidíase,2022-06-01,78.5
CE,candidíase,2022-07-01,75.4
CE,candidíase,2022-08-01,76.0
CE,candidíase,2022-09-01,73.25
CE,candidíase,2022-10-01,68.4
CE,candidíase,2022-11-01,68.0
CE,candidíase,2022-12-01,73.75
CE,candidíase,2023-01-01,79.2
CE,candidíase,2023-02-01,76.25
CE,candidíase,2023-03-01,78.5
CE,candidíase,2023-04-01,82.8
CE,candidíase,2023-05-01,87.25
CE,candidíase,2023-06-01,86.5
CE,candidíase,2023-07-01,74.2
CE,candidíase,2023-08-01,72.0
CE,candidíase,2023-09-01,71.25
CE,candidíase,2023-10-01,69.2
CE,candidíase,2023-11-01,75.25
CE,candidíase,2023-12-01,66.2
CE,candidíase,2024-01-01,70.5
CE,candidíase,2024-02-01,64.5
CE,candidíase,2024-03-01,68.8
CE,candidíase,2024-04-01,69.25
CE,candidíase,2024-05-01,66.75
CE,candidíase,2024-06-01,69.4
CE,candidíase,2024-07-01,67.25
CE,candidíase,2024-08-01,65.5
CE,candidíase,2024-09-01,67.0
CE,candidíase,2024-10-01,67.25
CE,candidíase,2024-11-01,70.75
CE,candidíase,2024-12-01,65.2
CE,candidíase,2025-01-01,69.5
CE,candidíase,2025-02-01,64.25
CE,candidíase,2025-03-01,80.8
CE,candidíase,2025-04-01,72.25
CE,candidíase,2025-05-01,70.5
CE,candidíase,2025-06-01,67.6
CE,candidíase,2025-07-01,70.5
CE,candidíase,2025-08-01,67.4
CE,candidíase,2025-09-01,73.0
CE,candidíase,2025-10-01,70.25
CE,candidíase,2025-11-01,73.6
CE,candidíase,2025-12-01,65.75
CE,candidíase,2026-01-01,66.0
CE,candidíase,2026-02-01,72.75
CE,candidíase,2026-03-01,66.2
CE,candidíase,2026-04-01,71.0
CE,candidíase,2026-05-01,74.0
CE,candidíase,2026-06-01,59.0
CE,candidíase,2026-07-01,68.0
CE,candidíase,2026-08-01,55.8
CE,candidíase,2026-09-01,55.25
DF,candidíase,2022-01-01,79.6
DF,candidíase,2022-02-01,72.5
DF,candidíase,2022-03-01,79.0
DF,candidíase,2022-04-01,74.5
DF,candidíase,2022-05-01,59.6
DF,candidíase,2022-06-01,74.0
DF,candidíase,2022-07-01,60.2
DF,candidíase,2022-08-01,68.75
DF,candidíase,2022-09-01,68.0
DF,candidíase,2022-10-01,73.8
DF,candidíase,2022-11-01,70.75
DF,candidíase,2022-12-01,73.75
DF,candidíase,2023-01-01,87.6
DF,candidíase,2023-02-01,67.5
DF,candidíase,2023-03-01,70.5
DF,candidíase,2023-04-01,82.0
DF,candidíase,2023-05-01,76.0
DF,candidíase,2023-06-01,80.0
DF,candidíase,2023-07-01,68.8
DF,candidíase,2023-08-01,58.75
DF,candidíase,2023-09-01,66.0
DF,candidíase,2023-10-01,64.2
DF,candidíase,2023-11-01,68.0
DF,candidíase,2023-12-01,69.2
DF,candidíase,2024-01-01,72.5
DF,candidíase,2024-02-01,59.75
DF,candidíase,2024-03-01,57.8
DF,candidíase,2024-04-01,54.5
DF,candidíase,2024-05-01,67.75
DF,candidíase,2024-06-01,62.8
DF,candidíase,2024-07-01,52.0
DF,candidíase,2024-08-01,57.25
DF,candidíase,2024-09-01,61.0
DF,candidíase,2024-10-01,55.75
DF,candidíase,2024-11-01,61.75
DF,candidíase,2024-12-01,75.8
DF,candidíase,2025-01-01,59.25
DF,candidíase,2025-02-01,63.5
DF,candidíase,2025-03-01,75.0
DF,candidíase,2025-04-01,61.0
DF,candidíase,2025-05-01,55.5
DF,candidíase,2025-06-01,61.2
DF,candidíase,2025-07-01,55.5
DF,candidíase,2025-08-01,64.6
DF,candidíase,2025-09-01,62.75
DF,candidíase,2025-10-01,54.0
DF,candidíase,2025-11-01,46.2
DF,candidíase,2025-12-01,61.0
DF,candidíase,2026-01-01,67.25
DF,candidíase,2026-02-01,54.25
DF,candidíase,2026-03-01,50.6
DF,candidíase,2026-04-01,60.0
DF,candidíase,2026-05-01,42.6
DF,candidíase,2026-06-01,54.25
DF,candidíase,2026-07-01,49.25
DF,candidíase,2026-08-01,42.4
DF,candidíase,2026-09-01,40.25
ES,candidíase,2022-01-01,55.8
ES,candidíase,2022-02-01,59.75
ES,candidíase,2022-03-01,64.5
ES,candidíase,2022-04-01,79.25
ES,candidíase,2022-05-01,62.4
ES,candidíase,2022-06-01,57.5
ES,candidíase,2022-07-01,74.0
ES,candidíase,2022-08-01,68.25
ES,candidíase,2022-09-01,67.0
ES,candidíase,2022-10-01,59.6
ES,candidíase,2022-11-01,60.25
ES,candidíase,2022-12-01,68.25
ES,candidíase,2023-01-01,75.4
ES,candidíase,2023-02-01,69.25
ES,candidíase,2023-03-01,70.25
ES,candidíase,2023-04-01,68.6
ES,candidíase,2023-05-01,80.0
ES,candidíase,2023-06-01,68.25
ES,candidíase,2023-07-01,69.2
ES,candidíase,2023-08-01,64.25
ES,candidíase,2023-09-01,69.0
ES,candidíase,2023-10-01,60.4
ES,candidíase,2023-11-01,67.0
ES,candidíase,2023-12-01,57.2
ES,candidíase,2024-01-01,59.75
ES,candidíase,2024-02-01,61.0
ES,candidíase,2024-03-01,55.4
ES,candidíase,2024-04-01,53.75
ES,candidíase,2024-05-01,53.75
ES,candidíase,2024-06-01,54.6
ES,candidíase,2024-07-01,63.25
ES,candidíase,2024-08-01,55.5
ES,candidíase,2024-09-01,54.8
ES,candidíase,2024-10-01,59.0
ES,candidíase,2024-11-01,50.75
ES,candidíase,2024-12-01,56.0
ES,candidíase,2025-01-01,59.75
ES,candidíase,2025-02-01,56.5
ES,candidíase,2025-03-01,60.8
ES,candidíase,2025-04-01,67.25
ES,candidíase,2025-05-01,55.75
ES,candidíase,2025-06-01,65.8
ES,candidíase,2025-07-01,64.75
ES,candidíase,2025-08-01,61.4
ES,candidíase,2025-09-01,56.25
ES,candidíase,2025-10-01,58.75
ES,candidíase,2025-11-01,64.0
ES,candidíase,2025-12-01,64.0
ES,candidíase,2026-01-01,67.75
ES,candidíase,2026-02-01,51.5
ES,candidíase,2026-03-01,54.4
ES,candidíase,2026-04-01,50.75
ES,candidíase,2026-05-01,61.0
ES,candidíase,2026-06-01,51.0
ES,candidíase,2026-07-01,50.5
ES,candidíase,2026-08-01,41.6
ES,candidíase,2026-09-01,46.75
GO,candidíase,2022-01-01,76.4
GO,candidíase,2022-02-01,80.5
GO,candidíase,2022-03-01,77.5
GO,candidíase,2022-04-01,76.0
GO,candidíase,2022-05-01,77.2
GO,candidíase,2022-06-01,68.25
GO,candidíase,2022-07-01,77.4
GO,candidíase,2022-08-01,68.5
GO,candidíase,2022-09-01,72.5
GO,candidíase,2022-10-01,74.2
GO,candidíase,2022-11-01,75.5
GO,candidíase,2022-12-01,81.75
GO,candidíase,2023-01-01,85.4
GO,candidíase,2023-02-01,83.25
GO,candidíase,2023-03-01,85.0
GO,candidíase,2023-04-01,80.2
GO,candidíase,2023-05-01,89.75
GO,candidíase,2023-06-01,84.25
GO,candidíase,2023-07-01,80.0
GO,candidíase,2023-08-01,68.0
GO,candidíase,2023-09-01,72.75
GO,candidíase,2023-10-01,69.8
GO,candidíase,2023-11-01,72.75
GO,candidíase,2023-12-01,71.6
GO,candidíase,2024-01-01,72.25
GO,candidíase,2024-02-01,56.25
GO,candidíase,2024-03-01,67.4
GO,candidíase,2024-04-01,70.25
GO,candidíase,2024-05-01,70.5
GO,candidíase,2024-06-01,66.0
GO,candidíase,2024-07-01,68.25
GO,candidíase,2024-08-01,61.0
GO,candidíase,2024-09-01,58.6
GO,candidíase,2024-10-01,63.0
GO,candidíase,2024-11-01,73.25
GO,candidíase,2024-12-01,81.2
GO,candidíase,2025-01-01,82.5
GO,candidíase,2025-02-01,69.5
GO,candidíase,2025-03-01,75.0
GO,candidíase,2025-04-01,65.25
GO,candidíase,2025-05-01,69.75
GO,candidíase,2025-06-01,66.0
GO,candidíase,2025-07-01,70.75
GO,candidíase,2025-08-01,60.6
GO,candidíase,2025-09-01,60.5
GO,candidíase,2025-10-01,63.25
GO,candidíase,2025-11-01,66.8
GO,candidíase,2025-12-01,66.75
GO,candidíase,2026-01-01,73.25
GO,candidíase,2026-02-01,76.0
GO,candidíase,2026-03-01,66.2
GO,candidíase,2026-04-01,65.5
GO,candidíase,2026-05-01,61.6
GO,candidíase,2026-06-01,54.5
GO,candidíase,2026-07-01,59.25
GO,candidíase,2026-08-01,51.0
GO,candidíase,2026-09-01,50.0
MA,candidíase,2022-01-01,61.2
MA,candidíase,2022-02-01,66.5
MA,candidíase,2022-03-01,66.5
MA,candidíase,2022-04-01,75.5
MA,candidíase,2022-05-01,75.0
MA,candidíase,2022-06-01,73.0
MA,candidíase,2022-07-01,71.2
MA,candidíase,2022-08-01,70.25
MA,candidíase,2022-09-01,67.25
MA,candidíase,2022-10-01,64.4
MA,candidíase,2022-11-01,66.75
MA,candidíase,2022-12-01,71.0
MA,candidíase,2023-01-01,76.0
MA,candidíase,2023-02-01,78.25
MA,candidíase,2023-03-01,74.5
MA,candidíase,2023-04-01,80.2
MA,candidíase,2023-05-01,79.0
MA,candidíase,2023-06-01,78.25
MA,candidíase,2023-07-01,74.2
MA,candidíase,2023-08-01,68.0
MA,candidíase,2023-09-01,70.5
MA,candidíase,2023-10-01,68.8
MA,candidíase,2023-11-01,65.5
MA,candidíase,2023-12-01,60.4
MA,candidíase,2024-01-01,65.25
MA,candidíase,2024-02-01,65.25
MA,candidíase,2024-03-01,60.8
MA,candidíase,2024-04-01,67.5
MA,candidíase,2024-05-01,59.5
MA,candidíase,2024-06-01,62.4
MA,candidíase,2024-07-01,59.0
MA,candidíase,2024-08-01,64.75
MA,candidíase,2024-09-01,56.8
MA,candidíase,2024-10-01,63.0
MA,candidíase,2024-11-01,64.0
MA,candidíase,2024-12-01,59.0
MA,candidíase,2025-01-01,64.5
MA,candidíase,2025-02-01,62.75
MA,candidíase,2025-03-01,74.2
MA,candidíase,2025-04-01,76.0
MA,candidíase,2025-05-01,62.75
MA,candidíase,2025-06-01,60.8
MA,candidíase,2025-07-01,69.0
MA,candidíase,2025-08-01,63.0
MA,candidíase,2025-09-01,57.5
MA,candidíase,2025-10-01,63.5
MA,candidíase,2025-11-01,62.8
MA,candidíase,2025-12-01,58.75
MA,candidíase,2026-01-01,73.5
MA,candidíase,2026-02-01,64.5
MA,candidíase,2026-03-01,68.0
MA,candidíase,2026-04-01,68.25
MA,candidíase,2026-05-01,64.2
MA,candidíase,2026-06-01,63.5
MA,candidíase,2026-07-01,59.0
MA,candidíase,2026-08-01,64.0
MA,candidíase,2026-09-01,49.25
MG,candidíase,2022-01-01,76.6
MG,candidíase,2022-02-01,88.25
MG,candidíase,2022-03-01,87.5
MG,candidíase,2022-04-01,84.75
MG,candidíase,2022-05-01,76.0
MG,candidíase,2022-06-01,79.25
MG,candidíase,2022-07-01,77.0
MG,candidíase,2022-08-01,79.5
MG,candidíase,2022-09-01,76.5
MG,candidíase,2022-10-01,80.2
MG,candidíase,2022-11-01,76.75
MG,candidíase,2022-12-01,79.75
MG,candidíase,2023-01-01,90.0
MG,candidíase,2023-02-01,86.75
MG,candidíase,2023-03-01,85.0
MG,candidíase,2023-04-01,86.4
MG,candidíase,2023-05-01,90.5
MG,candidíase,2023-06-01,92.75
MG,candidíase,2023-07-01,87.8
MG,candidíase,2023-08-01,80.25
MG,candidíase,2023-09-01,84.75
MG,candidíase,2023-10-01,78.6
MG,candidíase,2023-11-01,78.0
MG,candidíase,2023-12-01,81.6
MG,candidíase,2024-01-01,76.0
MG,candidíase,2024-02-01,77.75
MG,candidíase,2024-03-01,73.4
MG,candidíase,2024-04-01,76.0
MG,candidíase,2024-05-01,71.75
MG,candidíase,2024-06-01,74.0
MG,candidíase,2024-07-01,73.75
MG,candidíase,2024-08-01,69.75
MG,candidíase,2024-09-01,77.2
MG,candidíase,2024-10-01,71.25
MG,candidíase,2024-11-01,77.5
MG,candidíase,2024-12-01,77.8
MG,candidíase,2025-01-01,89.75
MG,candidíase,2025-02-01,79.0
MG,candidíase,2025-03-01,77.0
MG,candidíase,2025-04-01,80.75
MG,candidíase,2025-05-01,72.75
MG,candidíase,2025-06-01,76.6
MG,candidíase,2025-07-01,74.75
MG,candidíase,2025-08-01,69.6
MG,candidíase,2025-09-01,69.25
MG,candidíase,2025-10-01,70.25
MG,candidíase,2025-11-01,77.0
MG,candidíase,2025-12-01,71.0
MG,candidíase,2026-01-01,81.75
MG,candidíase,2026-02-01,78.25
MG,candidíase,2026-03-01,74.2
MG,candidíase,2026-04-01,71.25
MG,candidíase,2026-05-01,66.0
MG,candidíase,2026-06-01,67.25
MG,candidíase,2026-07-01,64.75
MG,candidíase,2026-08-01,60.8
MG,candidíase,2026-09-01,60.75
MS,candidíase,2022-01-01,71.6
MS,candidíase,2022-02-01,69.75
MS,candidíase,2022-03-01,75.5
MS,candidíase,2022-04-01,60.5
MS,candidíase,2022-05-01,60.4
MS,candidíase,2022-06-01,67.25
MS,candidíase,2022-07-01,65.8
MS,candidíase,2022-08-01,69.0
MS,candidíase,2022-09-01,68.5
MS,candidíase,2022-10-01,69.8
MS,candidíase,2022-11-01,71.75
MS,candidíase,2022-12-01,59.25
MS,candidíase,2023-01-01,74.4
MS,candidíase,2023-02-01,79.25
MS,candidíase,2023-03-01,73.75
MS,candidíase,2023-04-01,71.6
MS,candidíase,2023-05-01,76.0
MS,candidíase,2023-06-01,65.75
MS,candidíase,2023-07-01,65.2
MS,candidíase,2023-08-01,64.25
MS,candidíase,2023-09-01,65.75
MS,candidíase,2023-10-01,61.8
MS,candidíase,2023-11-01,59.5
MS,candidíase,2023-12-01,57.8
MS,candidíase,2024-01-01,73.25
MS,candidíase,2024-02-01,55.0
MS,candidíase,2024-03-01,53.8
MS,candidíase,2024-04-01,66.25
MS,candidíase,2024-05-01,56.25
MS,candidíase,2024-06-01,57.2
MS,candidíase,2024-07-01,55.0
MS,candidíase,2024-08-01,51.25
MS,candidíase,2024-09-01,58.2
MS,candidíase,2024-10-01,62.25
MS,candidíase,2024-11-01,56.0
MS,candidíase,2024-12-01,53.4
MS,candidíase,2025-01-01,57.0
MS,candidíase,2025-02-01,66.0
MS,candidíase,2025-03-01,62.8
MS,candidíase,2025-04-01,62.0
MS,candidíase,2025-05-01,70.25
MS,candidíase,2025-06-01,52.8
MS,candidíase,2025-07-01,61.0
MS,candidíase,2025-08-01,66.8
MS,candidíase,2025-09-01,70.75
MS,candidíase,2025-10-01,65.5
MS,candidíase,2025-11-01,60.0
MS,candidíase,2025-12-01,39.5
MS,candidíase,2026-01-01,56.75
MS,candidíase,2026-02-01,54.0
MS,candidíase,2026-03-01,50.6
MS,candidíase,2026-04-01,60.75
MS,candidíase,2026-05-01,54.6
MS,candidíase,2026-06-01,49.75
MS,candidíase,2026-07-01,49.0
MS,candidíase,2026-08-01,55.4
MS,candidíase,2026-09-01,51.0
MT,candidíase,2022-01-01,76.0
MT,candidíase,2022-02-01,68.75
MT,candidíase,2022-03-01,70.5
MT,candidíase,2022-04-01,80.25
MT,candidíase,2022-05-01,72.0
MT,candidíase,2022-06-01,70.0
MT,candidíase,2022-07-01,59.4
MT,candidíase,2022-08-01,60.75
MT,candidíase,2022-09-01,69.25
MT,candidíase,2022-10-01,57.4
MT,candidíase,2022-11-01,68.25
MT,candidíase,2022-12-01,70.0
MT,candidíase,2023-01-01,69.0
MT,candidíase,2023-02-01,73.0
MT,candidíase,2023-03-01,78.75
MT,candidíase,2023-04-01,63.6
MT,candidíase,2023-05-01,69.75
MT,candidíase,2023-06-01,69.75
MT,candidíase,2023-07-01,56.0
MT,candidíase,2023-08-01,59.5
MT,candidíase,2023-09-01,62.25
MT,candidíase,2023-10-01,64.6
MT,candidíase,2023-11-01,56.25
MT,candidíase,2023-12-01,59.8
MT,candidíase,2024-01-01,64.75
MT,candidíase,2024-02-01,50.25
MT,candidíase,2024-03-01,57.0
MT,candidíase,2024-04-01,51.75
MT,candidíase,2024-05-01,41.5
MT,candidíase,2024-06-01,51.0
MT,candidíase,2024-07-01,51.0
MT,candidíase,2024-08-01,54.5
MT,candidíase,2024-09-01,56.8
MT,candidíase,2024-10-01,52.25
MT,candidíase,2024-11-01,50.75
MT,candidíase,2024-12-01,63.4
MT,candidíase,2025-01-01,63.25
MT,candidíase,2025-02-01,61.5
MT,candidíase,2025-03-01,69.8
MT,candidíase,2025-04-01,63.0
MT,candidíase,2025-05-01,53.0
MT,candidíase,2025-06-01,50.6
MT,candidíase,2025-07-01,57.0
MT,candidíase,2025-08-01,51.8
MT,candidíase,2025-09-01,61.25
MT,candidíase,2025-10-01,58.25
MT,candidíase,2025-11-01,54.6
MT,candidíase,2025-12-01,64.25
MT,candidíase,2026-01-01,78.0
MT,candidíase,2026-02-01,59.25
MT,candidíase,2026-03-01,63.2
MT,candidíase,2026-04-01,60.0
MT,candidíase,2026-05-01,58.6
MT,candidíase,2026-06-01,58.25
MT,candidíase,2026-07-01,53.25
MT,candidíase,2026-08-01,48.4
MT,candidíase,2026-09-01,44.75
PA,candidíase,2022-01-01,78.6
PA,candidíase,2022-02-01,73.5
PA,candidíase,2022-03-01,84.75
PA,candidíase,2022-04-01,90.5
PA,candidíase,2022-05-01,85.0
PA,candidíase,2022-06-01,87.25
PA,candidíase,2022-07-01,86.0
PA,candidíase,2022-08-01,77.5
PA,candidíase,2022-09-01,79.0
PA,candidíase,2022-10-01,74.8
PA,candidíase,2022-11-01,80.5
PA,candidíase,2022-12-01,77.5
PA,candidíase,2023-01-01,84.4
PA,candidíase,2023-02-01,91.0
PA,candidíase,2023-03-01,79.25
PA,candidíase,2023-04-01,82.4
PA,candidíase,2023-05-01,87.5
PA,candidíase,2023-06-01,76.5
PA,candidíase,2023-07-01,81.6
PA,candidíase,2023-08-01,75.25
PA,candidíase,2023-09-01,79.25
PA,candidíase,2023-10-01,72.0
PA,candidíase,2023-11-01,73.5
PA,candidíase,2023-12-01,71.8
PA,candidíase,2024-01-01,73.0
PA,candidíase,2024-02-01,66.5
PA,candidíase,2024-03-01,64.2
PA,candidíase,2024-04-01,71.0
PA,candidíase,2024-05-01,63.25
PA,candidíase,2024-06-01,65.6
PA,candidíase,2024-07-01,68.0
PA,candidíase,2024-08-01,64.5
PA,candidíase,2024-09-01,66.0
PA,candidíase,2024-10-01,66.25
PA,candidíase,2024-11-01,68.0
PA,candidíase,2024-12-01,71.0
PA,candidíase,2025-01-01,79.75
PA,candidíase,2025-02-01,78.0
PA,candidíase,2025-03-01,90.2
PA,candidíase,2025-04-01,77.0
PA,candidíase,2025-05-01,79.5
PA,candidíase,2025-06-01,70.2
PA,candidíase,2025-07-01,75.75
PA,candidíase,2025-08-01,71.6
PA,candidíase,2025-09-01,72.25
PA,candidíase,2025-10-01,74.0
PA,candidíase,2025-11-01,75.2
PA,candidíase,2025-12-01,80.75
PA,candidíase,2026-01-01,85.75
PA,candidíase,2026-02-01,86.0
PA,candidíase,2026-03-01,84.4
PA,candidíase,2026-04-01,83.5
PA,candidíase,2026-05-01,72.4
PA,candidíase,2026-06-01,67.25
PA,candidíase,2026-07-01,69.25
PA,candidíase,2026-08-01,65.4
PA,candidíase,2026-09-01,63.75
PB,candidíase,2022-01-01,63.0
PB,candidíase,2022-02-01,67.25
PB,candidíase,2022-03-01,59.25
PB,candidíase,2022-04-01,76.25
PB,candidíase,2022-05-01,69.4
PB,candidíase,2022-06-01,85.5
PB,candidíase,2022-07-01,85.8
PB,candidíase,2022-08-01,84.0
PB,candidíase,2022-09-01,73.0
PB,candidíase,2022-10-01,63.4
PB,candidíase,2022-11-01,69.5
PB,candidíase,2022-12-01,80.25
PB,candidíase,2023-01-01,73.0
PB,candidíase,2023-02-01,78.0
PB,candidíase,2023-03-01,79.0
PB,candidíase,2023-04-01,83.0
PB,candidíase,2023-05-01,86.0
PB,candidíase,2023-06-01,76.5
PB,candidíase,2023-07-01,82.4
PB,candidíase,2023-08-01,74.5
PB,candidíase,2023-09-01,74.75
PB,candidíase,2023-10-01,72.8
PB,candidíase,2023-11-01,64.5
PB,candidíase,2023-12-01,70.2
PB,candidíase,2024-01-01,72.75
PB,candidíase,2024-02-01,63.0
PB,candidíase,2024-03-01,53.2
PB,candidíase,2024-04-01,67.5
PB,candidíase,2024-05-01,63.75
PB,candidíase,2024-06-01,69.2
PB,candidíase,2024-07-01,73.25
PB,candidíase,2024-08-01,61.25
PB,candidíase,2024-09-01,72.8
PB,candidíase,2024-10-01,67.25
PB,candidíase,2024-11-01,70.0
PB,candidíase,2024-12-01,68.6
PB,candidíase,2025-01-01,73.0
PB,candidíase,2025-02-01,82.5
PB,candidíase,2025-03-01,72.4
PB,candidíase,2025-04-01,79.75
PB,candidíase,2025-05-01,70.75
PB,candidíase,2025-06-01,72.4
PB,candidíase,2025-07-01,81.25
PB,candidíase,2025-08-01,75.2
PB,candidíase,2025-09-01,61.75
PB,candidíase,2025-10-01,68.0
PB,candidíase,2025-11-01,63.6
PB,candidíase,2025-12-01,65.75
PB,candidíase,2026-01-01,79.0
PB,candidíase,2026-02-01,66.0
PB,candidíase,2026-03-01,63.2
PB,candidíase,2026-04-01,67.25
PB,candidíase,2026-05-01,74.2
PB,candidíase,2026-06-01,66.75
PB,candidíase,2026-07-01,65.5
PB,candidíase,2026-08-01,61.2
PB,candidíase,2026-09-01,65.5
PE,candidíase,2022-01-01,61.6
PE,candidíase,2022-02-01,65.0
PE,candidíase,2022-03-01,67.25
PE,candidíase,2022-04-01,76.5
PE,candidíase,2022-05-01,78.0
PE,candidíase,2022-06-01,81.25
PE,candidíase,2022-07-01,84.2
PE,candidíase,2022-08-01,75.5
PE,candidíase,2022-09-01,76.75
PE,candidíase,2022-10-01,72.2
PE,candidíase,2022-11-01,76.25
PE,candidíase,2022-12-01,70.25
PE,candidíase,2023-01-01,77.8
PE,candidíase,2023-02-01,85.0
PE,candidíase,2023-03-01,78.25
PE,candidíase,2023-04-01,80.6
PE,candidíase,2023-05-01,91.0
PE,candidíase,2023-06-01,82.25
PE,candidíase,2023-07-01,80.6
PE,candidíase,2023-08-01,84.5
PE,candidíase,2023-09-01,87.5
PE,candidíase,2023-10-01,75.4
PE,candidíase,2023-11-01,78.25
PE,candidíase,2023-12-01,74.4
PE,candidíase,2024-01-01,72.25
PE,candidíase,2024-02-01,65.25
PE,candidíase,2024-03-01,63.4
PE,candidíase,2024-04-01,71.0
PE,candidíase,2024-05-01,67.0
PE,candidíase,2024-06-01,74.0
PE,candidíase,2024-07-01,76.25
PE,candidíase,2024-08-01,72.5
PE,candidíase,2024-09-01,74.8
PE,candidíase,2024-10-01,66.0
PE,candidíase,2024-11-01,66.5
PE,candidíase,2024-12-01,66.0
PE,candidíase,2025-01-01,69.25
PE,candidíase,2025-02-01,67.5
PE,candidíase,2025-03-01,68.8
PE,candidíase,2025-04-01,67.0
PE,candidíase,2025-05-01,64.25
PE,candidíase,2025-06-01,71.6
PE,candidíase,2025-07-01,77.75
PE,candidíase,2025-08-01,73.2
PE,candidíase,2025-09-01,80.75
PE,candidíase,2025-10-01,73.75
PE,candidíase,2025-11-01,69.6
PE,candidíase,2025-12-01,73.5
PE,candidíase,2026-01-01,82.25
PE,candidíase,2026-02-01,68.25
PE,candidíase,2026-03-01,67.0
PE,candidíase,2026-04-01,67.5
PE,candidíase,2026-05-01,73.0
PE,candidíase,2026-06-01,71.5
PE,candidíase,2026-07-01,76.75
PE,candidíase,2026-08-01,64.8
PE,candidíase,2026-09-01,61.0
PI,candidíase,2022-01-01,54.6
PI,candidíase,2022-02-01,56.0
PI,candidíase,2022-03-01,69.5
PI,candidíase,2022-04-01,81.75
PI,candidíase,2022-05-01,63.4
PI,candidíase,2022-06-01,63.75
PI,candidíase,2022-07-01,66.0
PI,candidíase,2022-08-01,67.5
PI,candidíase,2022-09-01,60.75
PI,candidíase,2022-10-01,67.4
PI,candidíase,2022-11-01,71.25
PI,candidíase,2022-12-01,69.5
PI,candidíase,2023-01-01,74.6
PI,candidíase,2023-02-01,77.5
PI,candidíase,2023-03-01,71.75
PI,candidíase,2023-04-01,76.0
PI,candidíase,2023-05-01,83.0
PI,candidíase,2023-06-01,78.5
PI,candidíase,2023-07-01,63.0
PI,candidíase,2023-08-01,59.75
PI,candidíase,2023-09-01,62.75
PI,candidíase,2023-10-01,61.6
PI,candidíase,2023-11-01,65.75
PI,candidíase,2023-12-01,60.8
PI,candidíase,2024-01-01,52.5
PI,candidíase,2024-02-01,52.5
PI,candidíase,2024-03-01,58.0
PI,candidíase,2024-04-01,60.0
PI,candidíase,2024-05-01,59.0
PI,candidíase,2024-06-01,54.4
PI,candidíase,2024-07-01,49.25
PI,candidíase,2024-08-01,53.25
PI,candidíase,2024-09-01,49.6
PI,candidíase,2024-10-01,59.25
PI,candidíase,2024-11-01,58.75
PI,candidíase,2024-12-01,62.4
PI,candidíase,2025-01-01,53.0
PI,candidíase,2025-02-01,58.25
PI,candidíase,2025-03-01,69.0
PI,candidíase,2025-04-01,61.75
PI,candidíase,2025-05-01,50.25
PI,candidíase,2025-06-01,56.8
PI,candidíase,2025-07-01,68.0
PI,candidíase,2025-08-01,51.8
PI,candidíase,2025-09-01,41.5
PI,candidíase,2025-10-01,51.5
PI,candidíase,2025-11-01,55.8
PI,candidíase,2025-12-01,55.5
PI,candidíase,2026-01-01,60.5
PI,candidíase,2026-02-01,62.0
PI,candidíase,2026-03-01,68.4
PI,candidíase,2026-04-01,59.0
PI,candidíase,2026-05-01,65.6
PI,candidíase,2026-06-01,50.5
PI,candidíase,2026-07-01,46.25
PI,candidíase,2026-08-01,54.8
PI,candidíase,2026-09-01,45.0
PR,candidíase,2022-01-01,69.4
PR,candidíase,2022-02-01,67.75
PR,candidíase,2022-03-01,76.5
PR,candidíase,2022-04-01,74.5
PR,candidíase,2022-05-01,70.6
PR,candidíase,2022-06-01,73.5
PR,candidíase,2022-07-01,73.2
PR,candidíase,2022-08-01,66.25
PR,candidíase,2022-09-01,73.25
PR,candidíase,2022-10-01,72.8
PR,candidíase,2022-11-01,72.0
PR,candidíase,2022-12-01,74.0
PR,candidíase,2023-01-01,86.6
PR,candidíase,2023-02-01,82.0
PR,candidíase,2023-03-01,79.75
PR,candidíase,2023-04-01,78.2
PR,candidíase,2023-05-01,85.5
PR,candidíase,2023-06-01,82.5
PR,candidíase,2023-07-01,80.2
PR,candidíase,2023-08-01,72.5
PR,candidíase,2023-09-01,74.25
PR,candidíase,2023-10-01,72.0
PR,candidíase,2023-11-01,69.75
PR,candidíase,2023-12-01,80.6
PR,candidíase,2024-01-01,69.5
PR,candidíase,2024-02-01,56.5
PR,candidíase,2024-03-01,64.6
PR,candidíase,2024-04-01,66.0
PR,candidíase,2024-05-01,60.75
PR,candidíase,2024-06-01,59.8
PR,candidíase,2024-07-01,64.0
PR,candidíase,2024-08-01,63.0
PR,candidíase,2024-09-01,65.8
PR,candidíase,2024-10-01,65.0
PR,candidíase,2024-11-01,68.25
PR,candidíase,2024-12-01,70.8
PR,candidíase,2025-01-01,73.5
PR,candidíase,2025-02-01,65.75
PR,candidíase,2025-03-01,67.8
PR,candidíase,2025-04-01,66.75
PR,candidíase,2025-05-01,66.25
PR,candidíase,2025-06-01,62.6
PR,candidíase,2025-07-01,62.5
PR,candidíase,2025-08-01,63.2
PR,candidíase,2025-09-01,65.5
PR,candidíase,2025-10-01,65.0
PR,candidíase,2025-11-01,65.2
PR,candidíase,2025-12-01,63.0
PR,candidíase,2026-01-01,72.25
PR,candidíase,2026-02-01,63.0
PR,candidíase,2026-03-01,61.6
PR,candidíase,2026-04-01,56.25
PR,candidíase,2026-05-01,54.8
PR,candidíase,2026-06-01,55.25
PR,candidíase,2026-07-01,54.5
PR,candidíase,2026-08-01,56.2
PR,candidíase,2026-09-01,54.25
RJ,candidíase,2022-01-01,81.0
RJ,candidíase,2022-02-01,81.75
RJ,candidíase,2022-03-01,85.0
RJ,candidíase,2022-04-01,79.5
RJ,candidíase,2022-05-01,82.4
RJ,candidíase,2022-06-01,85.75
RJ,candidíase,2022-07-01,84.6
RJ,candidíase,2022-08-01,80.0
RJ,candidíase,2022-09-01,82.0
RJ,candidíase,2022-10-01,80.0
RJ,candidíase,2022-11-01,84.0
RJ,candidíase,2022-12-01,86.75
RJ,candidíase,2023-01-01,87.8
RJ,candidíase,2023-02-01,85.25
RJ,candidíase,2023-03-01,87.0
RJ,candidíase,2023-04-01,90.8
RJ,candidíase,2023-05-01,97.25
RJ,candidíase,2023-06-01,92.75
RJ,candidíase,2023-07-01,88.6
RJ,candidíase,2023-08-01,83.0
RJ,candidíase,2023-09-01,85.0
RJ,candidíase,2023-10-01,91.6
RJ,candidíase,2023-11-01,86.0
RJ,candidíase,2023-12-01,81.8
RJ,candidíase,2024-01-01,85.5
RJ,candidíase,2024-02-01,76.75
RJ,candidíase,2024-03-01,78.2
RJ,candidíase,2024-04-01,76.0
RJ,candidíase,2024-05-01,77.75
RJ,candidíase,2024-06-01,78.0
RJ,candidíase,2024-07-01,82.5
RJ,candidíase,2024-08-01,78.25
RJ,candidíase,2024-09-01,79.2
RJ,candidíase,2024-10-01,78.0
RJ,candidíase,2024-11-01,79.0
RJ,candidíase,2024-12-01,73.0
RJ,candidíase,2025-01-01,81.5
RJ,candidíase,2025-02-01,80.0
RJ,candidíase,2025-03-01,80.2
RJ,candidíase,2025-04-01,77.5
RJ,candidíase,2025-05-01,74.0
RJ,candidíase,2025-06-01,70.8
RJ,candidíase,2025-07-01,80.5
RJ,candidíase,2025-08-01,78.4
RJ,candidíase,2025-09-01,78.5
RJ,candidíase,2025-10-01,78.75
RJ,candidíase,2025-11-01,75.2
RJ,candidíase,2025-12-01,73.0
RJ,candidíase,2026-01-01,79.75
RJ,candidíase,2026-02-01,82.75
RJ,candidíase,2026-03-01,73.8
RJ,candidíase,2026-04-01,69.25
RJ,candidíase,2026-05-01,74.2
RJ,candidíase,2026-06-01,73.75
RJ,candidíase,2026-07-01,74.25
RJ,candidíase,2026-08-01,62.6
RJ,candidíase,2026-09-01,64.75
RN,candidíase,2022-01-01,47.4
RN,candidíase,2022-02-01,56.25
RN,candidíase,2022-03-01,63.75
RN,candidíase,2022-04-01,68.25
RN,candidíase,2022-05-01,67.2
RN,candidíase,2022-06-01,69.25
RN,candidíase,2022-07-01,68.0
RN,candidíase,2022-08-01,69.25
RN,candidíase,2022-09-01,71.5
RN,candidíase,2022-10-01,54.8
RN,candidíase,2022-11-01,62.25
RN,candidíase,2022-12-01,55.75
RN,candidíase,2023-01-01,73.8
RN,candidíase,2023-02-01,65.75
RN,candidíase,2023-03-01,61.0
RN,candidíase,2023-04-01,73.0
RN,candidíase,2023-05-01,77.0
RN,candidíase,2023-06-01,77.5
RN,candidíase,2023-07-01,70.2
RN,candidíase,2023-08-01,69.25
RN,candidíase,2023-09-01,63.5
RN,candidíase,2023-10-01,67.2
RN,candidíase,2023-11-01,69.75
RN,candidíase,2023-12-01,55.4
RN,candidíase,2024-01-01,55.5
RN,candidíase,2024-02-01,57.75
RN,candidíase,2024-03-01,58.4
RN,candidíase,2024-04-01,52.5
RN,candidíase,2024-05-01,57.0
RN,candidíase,2024-06-01,59.4
RN,candidíase,2024-07-01,66.5
RN,candidíase,2024-08-01,67.0
RN,candidíase,2024-09-01,60.0
RN,candidíase,2024-10-01,52.5
RN,candidíase,2024-11-01,68.25
RN,candidíase,2024-12-01,55.0
RN,candidíase,2025-01-01,39.5
RN,candidíase,2025-02-01,53.25
RN,candidíase,2025-03-01,54.8
RN,candidíase,2025-04-01,54.25
RN,candidíase,2025-05-01,62.75
RN,candidíase,2025-06-01,58.8
RN,candidíase,2025-07-01,63.25
RN,candidíase,2025-08-01,62.6
RN,candidíase,2025-09-01,58.25
RN,candidíase,2025-10-01,60.75
RN,candidíase,2025-11-01,65.2
RN,candidíase,2025-12-01,54.5
RN,candidíase,2026-01-01,58.75
RN,candidíase,2026-02-01,62.0
RN,candidíase,2026-03-01,54.6
RN,candidíase,2026-04-01,58.25
RN,candidíase,2026-05-01,62.0
RN,candidíase,2026-06-01,55.0
RN,candidíase,2026-07-01,62.75
RN,candidíase,2026-08-01,58.6
RN,candidíase,2026-09-01,56.25
RO,candidíase,2022-01-01,32.8
RO,candidíase,2022-02-01,53.25
RO,candidíase,2022-03-01,57.5
RO,candidíase,2022-04-01,56.25
RO,candidíase,2022-05-01,65.4
RO,candidíase,2022-06-01,51.5
RO,candidíase,2022-07-01,46.8
RO,candidíase,2022-08-01,52.5
RO,candidíase,2022-09-01,54.75
RO,candidíase,2022-10-01,53.4
RO,candidíase,2022-11-01,41.5
RO,candidíase,2022-12-01,63.0
RO,candidíase,2023-01-01,53.4
RO,candidíase,2023-02-01,39.25
RO,candidíase,2023-03-01,58.75
RO,candidíase,2023-04-01,55.8
RO,candidíase,2023-05-01,55.75
RO,candidíase,2023-06-01,53.5
RO,candidíase,2023-07-01,51.8
RO,candidíase,2023-08-01,52.5
RO,candidíase,2023-09-01,46.5
RO,candidíase,2023-10-01,49.8
RO,candidíase,2023-11-01,47.75
RO,candidíase,2023-12-01,53.2
RO,candidíase,2024-01-01,41.5
RO,candidíase,2024-02-01,46.5
RO,candidíase,2024-03-01,21.4
RO,candidíase,2024-04-01,24.25
RO,candidíase,2024-05-01,27.75
RO,candidíase,2024-06-01,37.8
RO,candidíase,2024-07-01,21.25
RO,candidíase,2024-08-01,29.25
RO,candidíase,2024-09-01,35.6
RO,candidíase,2024-10-01,39.75
RO,candidíase,2024-11-01,52.5
RO,candidíase,2024-12-01,28.4
RO,candidíase,2025-01-01,62.25
RO,candidíase,2025-02-01,47.0
RO,candidíase,2025-03-01,41.0
RO,candidíase,2025-04-01,31.75
RO,candidíase,2025-05-01,34.75
RO,candidíase,2025-06-01,33.8
RO,candidíase,2025-07-01,62.5
RO,candidíase,2025-08-01,31.6
RO,candidíase,2025-09-01,32.75
RO,candidíase,2025-10-01,46.0
RO,candidíase,2025-11-01,55.6
RO,candidíase,2025-12-01,10.0
RO,candidíase,2026-01-01,45.5
RO,candidíase,2026-02-01,31.75
RO,candidíase,2026-03-01,24.2
RO,candidíase,2026-04-01,46.75
RO,candidíase,2026-05-01,40.4
RO,candidíase,2026-06-01,21.0
RO,candidíase,2026-07-01,26.25
RO,candidíase,2026-08-01,31.0
RO,candidíase,2026-09-01,19.75
RS,candidíase,2022-01-01,70.2
RS,candidíase,2022-02-01,78.25
RS,candidíase,2022-03-01,80.25
RS,candidíase,2022-04-01,83.5
RS,candidíase,2022-05-01,80.6
RS,candidíase,2022-06-01,81.5
RS,candidíase,2022-07-01,85.2
RS,candidíase,2022-08-01,90.0
RS,candidíase,2022-09-01,79.75
RS,candidíase,2022-10-01,75.8
RS,candidíase,2022-11-01,79.0
RS,candidíase,2022-12-01,81.75
RS,candidíase,2023-01-01,86.4
RS,candidíase,2023-02-01,81.25
RS,candidíase,2023-03-01,86.5
RS,candidíase,2023-04-01,84.2
RS,candidíase,2023-05-01,89.75
RS,candidíase,2023-06-01,86.5
RS,candidíase,2023-07-01,80.2
RS,candidíase,2023-08-01,80.5
RS,candidíase,2023-09-01,80.0
RS,candidíase,2023-10-01,87.2
RS,candidíase,2023-11-01,76.25
RS,candidíase,2023-12-01,77.0
RS,candidíase,2024-01-01,76.25
RS,candidíase,2024-02-01,71.75
RS,candidíase,2024-03-01,69.4
RS,candidíase,2024-04-01,71.0
RS,candidíase,2024-05-01,72.0
RS,candidíase,2024-06-01,75.2
RS,candidíase,2024-07-01,75.25
RS,candidíase,2024-08-01,66.75
RS,candidíase,2024-09-01,76.4
RS,candidíase,2024-10-01,79.75
RS,candidíase,2024-11-01,77.5
RS,candidíase,2024-12-01,79.2
RS,candidíase,2025-01-01,73.75
RS,candidíase,2025-02-01,68.75
RS,candidíase,2025-03-01,69.0
RS,candidíase,2025-04-01,69.25
RS,candidíase,2025-05-01,67.5
RS,candidíase,2025-06-01,67.2
RS,candidíase,2025-07-01,70.5
RS,candidíase,2025-08-01,74.2
RS,candidíase,2025-09-01,72.0
RS,candidíase,2025-10-01,68.75
RS,candidíase,2025-11-01,67.0
RS,candidíase,2025-12-01,66.0
RS,candidíase,2026-01-01,74.75
RS,candidíase,2026-02-01,71.0
RS,candidíase,2026-03-01,69.4
RS,candidíase,2026-04-01,65.25
RS,candidíase,2026-05-01,62.8
RS,candidíase,2026-06-01,65.5
RS,candidíase,2026-07-01,67.75
RS,candidíase,2026-08-01,61.0
RS,candidíase,2026-09-01,61.0
SC,candidíase,2022-01-01,66.2
SC,candidíase,2022-02-01,72.25
SC,candidíase,2022-03-01,78.0
SC,candidíase,2022-04-01,81.75
SC,candidíase,2022-05-01,79.0
SC,candidíase,2022-06-01,75.0
SC,candidíase,2022-07-01,82.6
SC,candidíase,2022-08-01,80.5
SC,candidíase,2022-09-01,77.75
SC,candidíase,2022-10-01,79.2
SC,candidíase,2022-11-01,77.0
SC,candidíase,2022-12-01,76.0
SC,candidíase,2023-01-01,76.8
SC,candidíase,2023-02-01,79.0
SC,candidíase,2023-03-01,79.25
SC,candidíase,2023-04-01,81.2
SC,candidíase,2023-05-01,79.5
SC,candidíase,2023-06-01,84.5
SC,candidíase,2023-07-01,76.0
SC,candidíase,2023-08-01,72.0
SC,candidíase,2023-09-01,77.5
SC,candidíase,2023-10-01,79.4
SC,candidíase,2023-11-01,72.5
SC,candidíase,2023-12-01,74.6
SC,candidíase,2024-01-01,70.75
SC,candidíase,2024-02-01,62.0
SC,candidíase,2024-03-01,64.6
SC,candidíase,2024-04-01,65.25
SC,candidíase,2024-05-01,73.75
SC,candidíase,2024-06-01,63.8
SC,candidíase,2024-07-01,62.25
SC,candidíase,2024-08-01,68.25
SC,candidíase,2024-09-01,63.2
SC,candidíase,2024-10-01,72.0
SC,candidíase,2024-11-01,75.0
SC,candidíase,2024-12-01,74.6
SC,candidíase,2025-01-01,71.25
SC,candidíase,2025-02-01,67.5
SC,candidíase,2025-03-01,67.6
SC,candidíase,2025-04-01,72.25
SC,candidíase,2025-05-01,62.5
SC,candidíase,2025-06-01,64.4
SC,candidíase,2025-07-01,57.25
SC,candidíase,2025-08-01,67.8
SC,candidíase,2025-09-01,68.0
SC,candidíase,2025-10-01,62.25
SC,candidíase,2025-11-01,68.2
SC,candidíase,2025-12-01,63.5
SC,candidíase,2026-01-01,66.75
SC,candidíase,2026-02-01,50.0
SC,candidíase,2026-03-01,57.8
SC,candidíase,2026-04-01,52.25
SC,candidíase,2026-05-01,47.8
SC,candidíase,2026-06-01,50.75
SC,candidíase,2026-07-01,57.75
SC,candidíase,2026-08-01,59.2
SC,candidíase,2026-09-01,56.5
SE,candidíase,2022-01-01,52.0
SE,candidíase,2022-02-01,66.25
SE,candidíase,2022-03-01,59.0
SE,candidíase,2022-04-01,54.75
SE,candidíase,2022-05-01,62.0
SE,candidíase,2022-06-01,50.0
SE,candidíase,2022-07-01,66.6
SE,candidíase,2022-08-01,67.5
SE,candidíase,2022-09-01,57.5
SE,candidíase,2022-10-01,63.2
SE,candidíase,2022-11-01,54.0
SE,candidíase,2022-12-01,44.0
SE,candidíase,2023-01-01,51.6
SE,candidíase,2023-02-01,56.75
SE,candidíase,2023-03-01,62.0
SE,candidíase,2023-04-01,61.0
SE,candidíase,2023-05-01,73.25
SE,candidíase,2023-06-01,65.75
SE,candidíase,2023-07-01,64.2
SE,candidíase,2023-08-01,61.25
SE,candidíase,2023-09-01,56.25
SE,candidíase,2023-10-01,58.0
SE,candidíase,2023-11-01,67.0
SE,candidíase,2023-12-01,54.2
SE,candidíase,2024-01-01,32.75
SE,candidíase,2024-02-01,31.25
SE,candidíase,2024-03-01,60.4
SE,candidíase,2024-04-01,45.0
SE,candidíase,2024-05-01,55.25
SE,candidíase,2024-06-01,55.4
SE,candidíase,2024-07-01,42.75
SE,candidíase,2024-08-01,36.75
SE,candidíase,2024-09-01,54.4
SE,candidíase,2024-10-01,68.5
SE,candidíase,2024-11-01,52.25
SE,candidíase,2024-12-01,37.4
SE,candidíase,2025-01-01,45.5
SE,candidíase,2025-02-01,38.5
SE,candidíase,2025-03-01,50.0
SE,candidíase,2025-04-01,40.75
SE,candidíase,2025-05-01,49.25
SE,candidíase,2025-06-01,48.4
SE,candidíase,2025-07-01,56.0
SE,candidíase,2025-08-01,63.6
SE,candidíase,2025-09-01,64.5
SE,candidíase,2025-10-01,65.75
SE,candidíase,2025-11-01,53.6
SE,candidíase,2025-12-01,59.0
SE,candidíase,2026-01-01,63.25
SE,candidíase,2026-02-01,50.75
SE,candidíase,2026-03-01,44.0
SE,candidíase,2026-04-01,48.5
SE,candidíase,2026-05-01,57.8
SE,candidíase,2026-06-01,47.75
SE,candidíase,2026-07-01,51.75
SE,candidíase,2026-08-01,40.8
SE,candidíase,2026-09-01,47.75
SP,candidíase,2022-01-01,77.6
SP,candidíase,2022-02-01,76.75
SP,candidíase,2022-03-01,84.25
SP,candidíase,2022-04-01,91.5
SP,candidíase,2022-05-01,77.6
SP,candidíase,2022-06-01,80.0
SP,candidíase,2022-07-01,81.4
SP,candidíase,2022-08-01,82.75
SP,candidíase,2022-09-01,83.75
SP,candidíase,2022-10-01,82.8
SP,candidíase,2022-11-01,80.0
SP,candidíase,2022-12-01,84.5
SP,candidíase,2023-01-01,87.8
SP,candidíase,2023-02-01,86.25
SP,candidíase,2023-03-01,86.25
SP,candidíase,2023-04-01,89.4
SP,candidíase,2023-05-01,86.0
SP,candidíase,2023-06-01,89.5
SP,candidíase,2023-07-01,82.6
SP,candidíase,2023-08-01,79.25
SP,candidíase,2023-09-01,80.5
SP,candidíase,2023-10-01,81.6
SP,candidíase,2023-11-01,80.25
SP,candidíase,2023-12-01,82.4
SP,candidíase,2024-01-01,75.75
SP,candidíase,2024-02-01,68.0
SP,candidíase,2024-03-01,71.4
SP,candidíase,2024-04-01,73.25
SP,candidíase,2024-05-01,72.5
SP,candidíase,2024-06-01,69.6
SP,candidíase,2024-07-01,74.0
SP,candidíase,2024-08-01,67.5
SP,candidíase,2024-09-01,74.4
SP,candidíase,2024-10-01,74.25
SP,candidíase,2024-11-01,76.0
SP,candidíase,2024-12-01,79.8
SP,candidíase,2025-01-01,77.25
SP,candidíase,2025-02-01,70.75
SP,candidíase,2025-03-01,75.8
SP,candidíase,2025-04-01,72.0
SP,candidíase,2025-05-01,73.5
SP,candidíase,2025-06-01,70.0
SP,candidíase,2025-07-01,74.0
SP,candidíase,2025-08-01,71.6
SP,candidíase,2025-09-01,71.5
SP,candidíase,2025-10-01,71.75
SP,candidíase,2025-11-01,70.4
SP,candidíase,2025-12-01,73.5
SP,candidíase,2026-01-01,74.25
SP,candidíase,2026-02-01,69.25
SP,candidíase,2026-03-01,71.0
SP,candidíase,2026-04-01,63.5
SP,candidíase,2026-05-01,61.2
SP,candidíase,2026-06-01,63.25
SP,candidíase,2026-07-01,66.5
SP,candidíase,2026-08-01,60.0
SP,candidíase,2026-09-01,60.0
TO,candidíase,2022-01-01,33.0
TO,candidíase,2022-02-01,49.0
TO,candidíase,2022-03-01,58.25
TO,candidíase,2022-04-01,58.25
TO,candidíase,2022-05-01,62.8
TO,candidíase,2022-06-01,50.5
TO,candidíase,2022-07-01,54.4
TO,candidíase,2022-08-01,37.5
TO,candidíase,2022-09-01,53.75
TO,candidíase,2022-10-01,52.6
TO,candidíase,2022-11-01,34.0
TO,candidíase,2022-12-01,38.5
TO,candidíase,2023-01-01,58.2
TO,candidíase,2023-02-01,54.0
TO,candidíase,2023-03-01,46.75
TO,candidíase,2023-04-01,62.4
TO,candidíase,2023-05-01,44.75
TO,candidíase,2023-06-01,54.25
TO,candidíase,2023-07-01,45.0
TO,candidíase,2023-08-01,35.25
TO,candidíase,2023-09-01,46.5
TO,candidíase,2023-10-01,26.6
TO,candidíase,2023-11-01,46.5
TO,candidíase,2023-12-01,46.8
TO,candidíase,2024-01-01,60.0
TO,candidíase,2024-02-01,32.25
TO,candidíase,2024-03-01,37.6
TO,candidíase,2024-04-01,26.5
TO,candidíase,2024-05-01,13.0
TO,candidíase,2024-06-01,35.8
TO,candidíase,2024-07-01,23.25
TO,candidíase,2024-08-01,52.0
TO,candidíase,2024-09-01,24.6
TO,candidíase,2024-10-01,39.75
TO,candidíase,2024-11-01,42.5
TO,candidíase,2024-12-01,36.8
TO,candidíase,2025-01-01,58.75
TO,candidíase,2025-02-01,57.5
TO,candidíase,2025-03-01,48.4
TO,candidíase,2025-04-01,52.75
TO,candidíase,2025-05-01,37.0
TO,candidíase,2025-06-01,51.0
TO,candidíase,2025-07-01,31.0
TO,candidíase,2025-08-01,36.8
TO,candidíase,2025-09-01,45.25
TO,candidíase,2025-10-01,49.75
TO,candidíase,2025-11-01,44.8
TO,candidíase,2025-12-01,34.0
TO,candidíase,2026-01-01,69.5
TO,candidíase,2026-02-01,70.25
TO,candidíase,2026-03-01,56.8
TO,candidíase,2026-04-01,45.5
TO,candidíase,2026-05-01,55.8
TO,candidíase,2026-06-01,39.75
TO,candidíase,2026-07-01,45.75
TO,candidíase,2026-08-01,60.6
TO,candidíase,2026-09-01,19.0
AL,dor de garganta,2022-01-01,77.8
AL,dor de garganta,2022-02-01,23.0
AL,dor de garganta,2022-03-01,29.0
AL,dor de garganta,2022-04-01,26.0
AL,dor de garganta,2022-05-01,37.4
AL,dor de garganta,2022-06-01,58.25
AL,dor de garganta,2022-07-01,44.4
AL,dor de garganta,2022-08-01,39.25
AL,dor de garganta,2022-09-01,43.25
AL,dor de garganta,2022-10-01,35.6
AL,dor de garganta,2022-11-01,45.25
AL,dor de garganta,2022-12-01,32.0
AL,dor de garganta,2023-01-01,26.6
AL,dor de garganta,2023-02-01,33.0
AL,dor de garganta,2023-03-01,35.5
AL,dor de garganta,2023-04-01,35.4
AL,dor de garganta,2023-05-01,31.5
AL,dor de garganta,2023-06-01,33.5
AL,dor de garganta,2023-07-01,33.6
AL,dor de garganta,2023-08-01,32.0
AL,dor de garganta,2023-09-01,29.0
AL,dor de garganta,2023-10-01,33.2
AL,dor de garganta,2023-11-01,29.75
AL,dor de garganta,2023-12-01,25.8
AL,dor de garganta,2024-01-01,27.25
AL,dor de garganta,2024-02-01,20.75
AL,dor de garganta,2024-03-01,29.2
AL,dor de garganta,2024-04-01,32.25
AL,dor de garganta,2024-05-01,26.75
AL,dor de garganta,2024-06-01,28.6
AL,dor de garganta,2024-07-01,29.0
AL,dor de garganta,2024-08-01,26.25
AL,dor de garganta,2024-09-01,32.2
AL,dor de garganta,2024-10-01,27.25
AL,dor de garganta,2024-11-01,25.0
AL,dor de garganta,2024-12-01,32.0
AL,dor de garganta,2025-01-01,24.25
AL,dor de garganta,2025-02-01,22.25
AL,dor de garganta,2025-03-01,23.6
AL,dor de garganta,2025-04-01,24.5
AL,dor de garganta,2025-05-01,22.5
AL,dor de garganta,2025-06-01,35.8
AL,dor de garganta,2025-07-01,31.75
AL,dor de garganta,2025-08-01,41.0
AL,dor de garganta,2025-09-01,29.0
AL,dor de garganta,2025-10-01,31.75
AL,dor de garganta,2025-11-01,29.2
AL,dor de garganta,2025-12-01,12.5
AL,dor de garganta,2026-01-01,16.25
AL,dor de garganta,2026-02-01,29.25
AL,dor de garganta,2026-03-01,31.0
AL,dor de garganta,2026-04-01,36.75
AL,dor de garganta,2026-05-01,23.8
AL,dor de garganta,2026-06-01,30.0
AL,dor de garganta,2026-07-01,27.0
AL,dor de garganta,2026-08-01,33.8
AL,dor de garganta,2026-09-01,30.25
AM,dor de garganta,2022-01-01,61.4
AM,dor de garganta,2022-02-01,23.75
AM,dor de garganta,2022-03-01,32.0
AM,dor de garganta,2022-04-01,22.0
AM,dor de garganta,2022-05-01,29.4
AM,dor de garganta,2022-06-01,39.5
AM,dor de garganta,2022-07-01,42.2
AM,dor de garganta,2022-08-01,30.0
AM,dor de garganta,2022-09-01,27.5
AM,dor de garganta,2022-10-01,30.4
AM,dor de garganta,2022-11-01,26.5
AM,dor de garganta,2022-12-01,28.0
AM,dor de garganta,2023-01-01,27.4
AM,dor de garganta,2023-02-01,36.75
AM,dor de garganta,2023-03-01,32.25
AM,dor de garganta,2023-04-01,34.0
AM,dor de garganta,2023-05-01,32.0
AM,dor de garganta,2023-06-01,37.0
AM,dor de garganta,2023-07-01,38.6
AM,dor de garganta,2023-08-01,25.0
AM,dor de garganta,2023-09-01,23.0
AM,dor de garganta,2023-10-01,27.4
AM,dor de garganta,2023-11-01,26.75
AM,dor de garganta,2023-12-01,24.4
AM,dor de garganta,2024-01-01,19.25
AM,dor de garganta,2024-02-01,8.5
AM,dor de garganta,2024-03-01,30.2
AM,dor de garganta,2024-04-01,22.0
AM,dor de garganta,2024-05-01,28.0
AM,dor de garganta,2024-06-01,30.2
AM,dor de garganta,2024-07-01,20.0
AM,dor de garganta,2024-08-01,21.5
AM,dor de garganta,2024-09-01,11.4
AM,dor de garganta,2024-10-01,21.5
AM,dor de garganta,2024-11-01,22.25
AM,dor de garganta,2024-12-01,18.0
AM,dor de garganta,2025-01-01,20.25
AM,dor de garganta,2025-02-01,28.25
AM,dor de garganta,2025-03-01,17.8
AM,dor de garganta,2025-04-01,15.0
AM,dor de garganta,2025-05-01,39.0
AM,dor de garganta,2025-06-01,22.2
AM,dor de garganta,2025-07-01,30.25
AM,dor de garganta,2025-08-01,26.0
AM,dor de garganta,2025-09-01,18.75
AM,dor de garganta,2025-10-01,15.0
AM,dor de garganta,2025-11-01,30.0
AM,dor de garganta,2025-12-01,29.5
AM,dor de garganta,2026-01-01,31.25
AM,dor de garganta,2026-02-01,21.75
AM,dor de garganta,2026-03-01,25.8
AM,dor de garganta,2026-04-01,26.75
AM,dor de garganta,2026-05-01,30.8
AM,dor de garganta,2026-06-01,23.5
AM,dor de garganta,2026-07-01,33.25
AM,dor de garganta,2026-08-01,26.4
AM,dor de garganta,2026-09-01,26.25
BA,dor de garganta,2022-01-01,89.8
BA,dor de garganta,2022-02-01,35.0
BA,dor de garganta,2022-03-01,36.25
BA,dor de garganta,2022-04-01,40.5
BA,dor de garganta,2022-05-01,45.0
BA,dor de garganta,2022-06-01,72.0
BA,dor de garganta,2022-07-01,54.2
BA,dor de garganta,2022-08-01,45.25
BA,dor de garganta,2022-09-01,44.25
BA,dor de garganta,2022-10-01,40.2
BA,dor de garganta,2022-11-01,50.0
BA,dor de garganta,2022-12-01,40.5
BA,dor de garganta,2023-01-01,31.4
BA,dor de garganta,2023-02-01,44.75
BA,dor de garganta,2023-03-01,42.0
BA,dor de garganta,2023-04-01,40.0
BA,dor de garganta,2023-05-01,43.5
BA,dor de garganta,2023-06-01,47.5
BA,dor de garganta,2023-07-01,45.6
BA,dor de garganta,2023-08-01,43.75
BA,dor de garganta,2023-09-01,44.0
BA,dor de garganta,2023-10-01,42.6
BA,dor de garganta,2023-11-01,39.5
BA,dor de garganta,2023-12-01,37.2
BA,dor de garganta,2024-01-01,27.75
BA,dor de garganta,2024-02-01,35.0
BA,dor de garganta,2024-03-01,33.2
BA,dor de garganta,2024-04-01,35.75
BA,dor de garganta,2024-05-01,33.75
BA,dor de garganta,2024-06-01,39.2
BA,dor de garganta,2024-07-01,35.0
BA,dor de garganta,2024-08-01,34.5
BA,dor de garganta,2024-09-01,37.8
BA,dor de garganta,2024-10-01,37.25
BA,dor de garganta,2024-11-01,34.5
BA,dor de garganta,2024-12-01,34.4
BA,dor de garganta,2025-01-01,24.5
BA,dor de garganta,2025-02-01,29.25
BA,dor de garganta,2025-03-01,29.4
BA,dor de garganta,2025-04-01,29.5
BA,dor de garganta,2025-05-01,34.25
BA,dor de garganta,2025-06-01,38.6
BA,dor de garganta,2025-07-01,37.75
BA,dor de garganta,2025-08-01,36.8
BA,dor de garganta,2025-09-01,40.25
BA,dor de garganta,2025-10-01,33.75
BA,dor de garganta,2025-11-01,34.6
BA,dor de garganta,2025-12-01,36.0
BA,dor de garganta,2026-01-01,26.5
BA,dor de garganta,2026-02-01,30.25
BA,dor de garganta,2026-03-01,36.4
BA,dor de garganta,2026-04-01,33.25
BA,dor de garganta,2026-05-01,37.6
BA,dor de garganta,2026-06-01,39.25
BA,dor de garganta,2026-07-01,37.5
BA,dor de garganta,2026-08-01,39.8
BA,dor de garganta,2026-09-01,41.5
CE,dor de garganta,2022-01-01,77.8
CE,dor de garganta,2022-02-01,24.75
CE,dor de garganta,2022-03-01,31.25
CE,dor de garganta,2022-04-01,37.25
CE,dor de garganta,2022-05-01,39.8
CE,dor de garganta,2022-06-01,56.5
CE,dor de garganta,2022-07-01,44.0
CE,dor de garganta,2022-08-01,39.0
CE,dor de garganta,2022-09-01,33.75
CE,dor de garganta,2022-10-01,30.6
CE,dor de garganta,2022-11-01,40.75
CE,dor de garganta,2022-12-01,33.75
CE,dor de garganta,2023-01-01,26.0
CE,dor de garganta,2023-02-01,43.25
CE,dor de garganta,2023-03-01,44.5
CE,dor de garganta,2023-04-01,39.8
CE,dor de garganta,2023-05-01,35.5
CE,dor de garganta,2023-06-01,37.5
CE,dor de garganta,2023-07-01,37.0
CE,dor de garganta,2023-08-01,32.0
CE,dor de garganta,2023-09-01,32.75
CE,dor de garganta,2023-10-01,32.0
CE,dor de garganta,2023-11-01,32.0
CE,dor de garganta,2023-12-01,32.4
CE,dor de garganta,2024-01-01,21.75
CE,dor de garganta,2024-02-01,28.0
CE,dor de garganta,2024-03-01,31.0
CE,dor de garganta,2024-04-01,36.0
CE,dor de garganta,2024-05-01,32.75
CE,dor de garganta,2024-06-01,29.0
CE,dor de garganta,2024-07-01,25.75
CE,dor de garganta,2024-08-01,28.0
CE,dor de garganta,2024-09-01,31.8
CE,dor de garganta,2024-10-01,28.25
CE,dor de garganta,2024-11-01,30.5
CE,dor de garganta,2024-12-01,31.6
CE,dor de garganta,2025-01-01,19.75
CE,dor de garganta,2025-02-01,27.0
CE,dor de garganta,2025-03-01,27.2
CE,dor de garganta,2025-04-01,27.25
CE,dor de garganta,2025-05-01,32.0
CE,dor de garganta,2025-06-01,32.0
CE,dor de garganta,2025-07-01,31.0
CE,dor de garganta,2025-08-01,29.6
CE,dor de garganta,2025-09-01,32.25
CE,dor de garganta,2025-10-01,30.25
CE,dor de garganta,2025-11-01,27.4
CE,dor de garganta,2025-12-01,33.0
CE,dor de garganta,2026-01-01,26.5
CE,dor de garganta,2026-02-01,41.0
CE,dor de garganta,2026-03-01,36.0
CE,dor de garganta,2026-04-01,33.5
CE,dor de garganta,2026-05-01,39.6
CE,dor de garganta,2026-06-01,34.5
CE,dor de garganta,2026-07-01,27.25
CE,dor de garganta,2026-08-01,34.8
CE,dor de garganta,2026-09-01,35.25
DF,dor de garganta,2022-01-01,82.8
DF,dor de garganta,2022-02-01,35.0
DF,dor de garganta,2022-03-01,39.0
DF,dor de garganta,2022-04-01,33.75
DF,dor de garganta,2022-05-01,46.6
DF,dor de garganta,2022-06-01,66.0
DF,dor de garganta,2022-07-01,40.8
DF,dor de garganta,2022-08-01,39.75
DF,dor de garganta,2022-09-01,38.75
DF,dor de garganta,2022-10-01,37.0
DF,dor de garganta,2022-11-01,40.75
DF,dor de garganta,2022-12-01,44.5
DF,dor de garganta,2023-01-01,26.6
DF,dor de garganta,2023-02-01,36.0
DF,dor de garganta,2023-03-01,44.0
DF,dor de garganta,2023-04-01,42.0
DF,dor de garganta,2023-05-01,43.5
DF,dor de garganta,2023-06-01,39.75
DF,dor de garganta,2023-07-01,38.8
DF,dor de garganta,2023-08-01,34.0
DF,dor de garganta,2023-09-01,31.25
DF,dor de garganta,2023-10-01,31.2
DF,dor de garganta,2023-11-01,30.5
DF,dor de garganta,2023-12-01,32.8
DF,dor de garganta,2024-01-01,26.25
DF,dor de garganta,2024-02-01,37.5
DF,dor de garganta,2024-03-01,37.6
DF,dor de garganta,2024-04-01,36.0
DF,dor de garganta,2024-05-01,31.5
DF,dor de garganta,2024-06-01,29.4
DF,dor de garganta,2024-07-01,26.5
DF,dor de garganta,2024-08-01,29.5
DF,dor de garganta,2024-09-01,34.8
DF,dor de garganta,2024-10-01,29.5
DF,dor de garganta,2024-11-01,37.0
DF,dor de garganta,2024-12-01,39.4
DF,dor de garganta,2025-01-01,27.25
DF,dor de garganta,2025-02-01,24.25
DF,dor de garganta,2025-03-01,29.2
DF,dor de garganta,2025-04-01,33.5
DF,dor de garganta,2025-05-01,33.75
DF,dor de garganta,2025-06-01,29.4
DF,dor de garganta,2025-07-01,33.0
DF,dor de garganta,2025-08-01,37.6
DF,dor de garganta,2025-09-01,33.0
DF,dor de garganta,2025-10-01,30.25
DF,dor de garganta,2025-11-01,26.4
DF,dor de garganta,2025-12-01,27.75
DF,dor de garganta,2026-01-01,16.0
DF,dor de garganta,2026-02-01,28.5
DF,dor de garganta,2026-03-01,28.4
DF,dor de garganta,2026-04-01,26.5
DF,dor de garganta,2026-05-01,31.4
DF,dor de garganta,2026-06-01,37.75
DF,dor de garganta,2026-07-01,30.75
DF,dor de garganta,2026-08-01,29.6
DF,dor de garganta,2026-09-01,26.75
ES,dor de garganta,2022-01-01,80.2
ES,dor de garganta,2022-02-01,36.75
ES,dor de garganta,2022-03-01,29.25
ES,dor de garganta,2022-04-01,38.75
ES,dor de garganta,2022-05-01,39.8
ES,dor de garganta,2022-06-01,61.0
ES,dor de garganta,2022-07-01,46.2
ES,dor de garganta,2022-08-01,42.75
ES,dor de garganta,2022-09-01,38.75
ES,dor de garganta,2022-10-01,34.0
ES,dor de garganta,2022-11-01,38.25
ES,dor de garganta,2022-12-01,31.75
ES,dor de garganta,2023-01-01,26.4
ES,dor de garganta,2023-02-01,30.25
ES,dor de garganta,2023-03-01,38.0
ES,dor de garganta,2023-04-01,42.2
ES,dor de garganta,2023-05-01,44.0
ES,dor de garganta,2023-06-01,44.0
ES,dor de garganta,2023-07-01,41.8
ES,dor de garganta,2023-08-01,44.0
ES,dor de garganta,2023-09-01,36.75
ES,dor de garganta,2023-10-01,32.8
ES,dor de garganta,2023-11-01,33.25
ES,dor de garganta,2023-12-01,38.4
ES,dor de garganta,2024-01-01,24.0
ES,dor de garganta,2024-02-01,34.5
ES,dor de garganta,2024-03-01,28.8
ES,dor de garganta,2024-04-01,35.5
ES,dor de garganta,2024-05-01,27.5
ES,dor de garganta,2024-06-01,31.2
ES,dor de garganta,2024-07-01,30.5
ES,dor de garganta,2024-08-01,33.75
ES,dor de garganta,2024-09-01,31.0
ES,dor de garganta,2024-10-01,28.0
ES,dor de garganta,2024-11-01,26.5
ES,dor de garganta,2024-12-01,28.8
ES,dor de garganta,2025-01-01,22.0
ES,dor de garganta,2025-02-01,25.25
ES,dor de garganta,2025-03-01,28.6
ES,dor de garganta,2025-04-01,27.25
ES,dor de garganta,2025-05-01,27.5
ES,dor de garganta,2025-06-01,31.6
ES,dor de garganta,2025-07-01,32.75
ES,dor de garganta,2025-08-01,34.8
ES,dor de garganta,2025-09-01,34.5
ES,dor de garganta,2025-10-01,28.5
ES,dor de garganta,2025-11-01,27.8
ES,dor de garganta,2025-12-01,26.75
ES,dor de garganta,2026-01-01,19.25
ES,dor de garganta,2026-02-01,25.5
ES,dor de garganta,2026-03-01,32.8
ES,dor de garganta,2026-04-01,30.5
ES,dor de garganta,2026-05-01,34.0
ES,dor de garganta,2026-06-01,30.0
ES,dor de garganta,2026-07-01,28.5
ES,dor de garganta,2026-08-01,33.8
ES,dor de garganta,2026-09-01,34.5
GO,dor de garganta,2022-01-01,83.2
GO,dor de garganta,2022-02-01,40.75
GO,dor de garganta,2022-03-01,34.0
GO,dor de garganta,2022-04-01,41.0
GO,dor de garganta,2022-05-01,53.4
GO,dor de garganta,2022-06-01,64.75
GO,dor de garganta,2022-07-01,45.6
GO,dor de garganta,2022-08-01,42.5
GO,dor de garganta,2022-09-01,37.75
GO,dor de garganta,2022-10-01,35.6
GO,dor de garganta,2022-11-01,42.25
GO,dor de garganta,2022-12-01,40.75
GO,dor de garganta,2023-01-01,33.6
GO,dor de garganta,2023-02-01,40.25
GO,dor de garganta,2023-03-01,38.25
GO,dor de garganta,2023-04-01,41.4
GO,dor de garganta,2023-05-01,49.5
GO,dor de garganta,2023-06-01,42.75
GO,dor de garganta,2023-07-01,36.2
GO,dor de garganta,2023-08-01,33.25
GO,dor de garganta,2023-09-01,34.25
GO,dor de garganta,2023-10-01,33.0
GO,dor de garganta,2023-11-01,30.75
GO,dor de garganta,2023-12-01,27.8
GO,dor de garganta,2024-01-01,21.25
GO,dor de garganta,2024-02-01,30.75
GO,dor de garganta,2024-03-01,29.4
GO,dor de garganta,2024-04-01,39.75
GO,dor de garganta,2024-05-01,34.5
GO,dor de garganta,2024-06-01,34.0
GO,dor de garganta,2024-07-01,30.25
GO,dor de garganta,2024-08-01,26.75
GO,dor de garganta,2024-09-01,35.2
GO,dor de garganta,2024-10-01,33.0
GO,dor de garganta,2024-11-01,37.75
GO,dor de garganta,2024-12-01,32.8
GO,dor de garganta,2025-01-01,26.0
GO,dor de garganta,2025-02-01,28.5
GO,dor de garganta,2025-03-01,28.6
GO,dor de garganta,2025-04-01,29.75
GO,dor de garganta,2025-05-01,36.0
GO,dor de garganta,2025-06-01,34.4
GO,dor de garganta,2025-07-01,32.0
GO,dor de garganta,2025-08-01,37.2
GO,dor de garganta,2025-09-01,35.75
GO,dor de garganta,2025-10-01,32.25
GO,dor de garganta,2025-11-01,27.8
GO,dor de garganta,2025-12-01,27.25
GO,dor de garganta,2026-01-01,22.25
GO,dor de garganta,2026-02-01,30.25
GO,dor de garganta,2026-03-01,29.0
GO,dor de garganta,2026-04-01,28.75
GO,dor de garganta,2026-05-01,37.2
GO,dor de garganta,2026-06-01,36.75
GO,dor de garganta,2026-07-01,32.25
GO,dor de garganta,2026-08-01,31.4
GO,dor de garganta,2026-09-01,27.5
MA,dor de garganta,2022-01-01,85.6
MA,dor de garganta,2022-02-01,34.0
MA,dor de garganta,2022-03-01,36.5
MA,dor de garganta,2022-04-01,39.75
MA,dor de garganta,2022-05-01,45.8
MA,dor de garganta,2022-06-01,62.0
MA,dor de garganta,2022-07-01,53.6
MA,dor de garganta,2022-08-01,44.0
MA,dor de garganta,2022-09-01,42.5
MA,dor de garganta,2022-10-01,39.2
MA,dor de garganta,2022-11-01,43.25
MA,dor de garganta,2022-12-01,38.75
MA,dor de garganta,2023-01-01,30.0
MA,dor de garganta,2023-02-01,49.75
MA,dor de garganta,2023-03-01,47.5
MA,dor de garganta,2023-04-01,47.0
MA,dor de garganta,2023-05-01,45.0
MA,dor de garganta,2023-06-01,47.0
MA,dor de garganta,2023-07-01,37.2
MA,dor de garganta,2023-08-01,38.5
MA,dor de garganta,2023-09-01,37.25
MA,dor de garganta,2023-10-01,37.4
MA,dor de garganta,2023-11-01,36.75
MA,dor de garganta,2023-12-01,34.8
MA,dor de garganta,2024-01-01,28.25
MA,dor de garganta,2024-02-01,33.5
MA,dor de garganta,2024-03-01,42.0
MA,dor de garganta,2024-04-01,38.25
MA,dor de garganta,2024-05-01,34.25
MA,dor de garganta,2024-06-01,33.4
MA,dor de garganta,2024-07-01,27.25
MA,dor de garganta,2024-08-01,39.25
MA,dor de garganta,2024-09-01,36.2
MA,dor de garganta,2024-10-01,45.25
MA,dor de garganta,2024-11-01,33.5
MA,dor de garganta,2024-12-01,30.0
MA,dor de garganta,2025-01-01,27.5
MA,dor de garganta,2025-02-01,31.5
MA,dor de garganta,2025-03-01,30.6
MA,dor de garganta,2025-04-01,38.5
MA,dor de garganta,2025-05-01,43.5
MA,dor de garganta,2025-06-01,36.6
MA,dor de garganta,2025-07-01,42.25
MA,dor de garganta,2025-08-01,33.6
MA,dor de garganta,2025-09-01,35.5
MA,dor de garganta,2025-10-01,36.25
MA,dor de garganta,2025-11-01,37.4
MA,dor de garganta,2025-12-01,38.75
MA,dor de garganta,2026-01-01,31.5
MA,dor de garganta,2026-02-01,41.0
MA,dor de garganta,2026-03-01,46.6
MA,dor de garganta,2026-04-01,37.75
MA,dor de garganta,2026-05-01,43.2
MA,dor de garganta,2026-06-01,43.0
MA,dor de garganta,2026-07-01,36.25
MA,dor de garganta,2026-08-01,44.0
MA,dor de garganta,2026-09-01,40.25
MG,dor de garganta,2022-01-01,89.6
MG,dor de garganta,2022-02-01,43.75
MG,dor de garganta,2022-03-01,36.75
MG,dor de garganta,2022-04-01,40.25
MG,dor de garganta,2022-05-01,56.4
MG,dor de garganta,2022-06-01,70.75
MG,dor de garganta,2022-07-01,58.4
MG,dor de garganta,2022-08-01,44.75
MG,dor de garganta,2022-09-01,43.0
MG,dor de garganta,2022-10-01,39.0
MG,dor de garganta,2022-11-01,45.25
MG,dor de garganta,2022-12-01,43.0
MG,dor de garganta,2023-01-01,27.6
MG,dor de garganta,2023-02-01,42.75
MG,dor de garganta,2023-03-01,41.5
MG,dor de garganta,2023-04-01,42.2
MG,dor de garganta,2023-05-01,48.0
MG,dor de garganta,2023-06-01,50.75
MG,dor de garganta,2023-07-01,50.4
MG,dor de garganta,2023-08-01,41.5
MG,dor de garganta,2023-09-01,41.5
MG,dor de garganta,2023-10-01,37.8
MG,dor de garganta,2023-11-01,36.0
MG,dor de garganta,2023-12-01,34.6
MG,dor de garganta,2024-01-01,25.75
MG,dor de garganta,2024-02-01,39.5
MG,dor de garganta,2024-03-01,34.8
MG,dor de garganta,2024-04-01,36.75
MG,dor de garganta,2024-05-01,36.5
MG,dor de garganta,2024-06-01,38.6
MG,dor de garganta,2024-07-01,38.0
MG,dor de garganta,2024-08-01,33.25
MG,dor de garganta,2024-09-01,37.0
MG,dor de garganta,2024-10-01,31.0
MG,dor de garganta,2024-11-01,34.0
MG,dor de garganta,2024-12-01,32.6
MG,dor de garganta,2025-01-01,23.0
MG,dor de garganta,2025-02-01,26.75
MG,dor de garganta,2025-03-01,28.6
MG,dor de garganta,2025-04-01,31.5
MG,dor de garganta,2025-05-01,38.5
MG,dor de garganta,2025-06-01,36.2
MG,dor de garganta,2025-07-01,40.25
MG,dor de garganta,2025-08-01,35.8
MG,dor de garganta,2025-09-01,33.75
MG,dor de garganta,2025-10-01,29.75
MG,dor de garganta,2025-11-01,28.8
MG,dor de garganta,2025-12-01,32.75
MG,dor de garganta,2026-01-01,22.5
MG,dor de garganta,2026-02-01,30.75
MG,dor de garganta,2026-03-01,32.0
MG,dor de garganta,2026-04-01,30.5
MG,dor de garganta,2026-05-01,35.0
MG,dor de garganta,2026-06-01,40.0
MG,dor de garganta,2026-07-01,38.5
MG,dor de garganta,2026-08-01,33.2
MG,dor de garganta,2026-09-01,32.0
MS,dor de garganta,2022-01-01,81.2
MS,dor de garganta,2022-02-01,38.5
MS,dor de garganta,2022-03-01,32.0
MS,dor de garganta,2022-04-01,43.25
MS,dor de garganta,2022-05-01,53.6
MS,dor de garganta,2022-06-01,63.0
MS,dor de garganta,2022-07-01,54.8
MS,dor de garganta,2022-08-01,47.0
MS,dor de garganta,2022-09-01,35.5
MS,dor de garganta,2022-10-01,37.6
MS,dor de garganta,2022-11-01,39.5
MS,dor de garganta,2022-12-01,37.75
MS,dor de garganta,2023-01-01,22.8
MS,dor de garganta,2023-02-01,38.75
MS,dor de garganta,2023-03-01,41.0
MS,dor de garganta,2023-04-01,42.6
MS,dor de garganta,2023-05-01,48.0
MS,dor de garganta,2023-06-01,45.0
MS,dor de garganta,2023-07-01,38.2
MS,dor de garganta,2023-08-01,35.25
MS,dor de garganta,2023-09-01,39.0
MS,dor de garganta,2023-10-01,33.4
MS,dor de garganta,2023-11-01,36.25
MS,dor de garganta,2023-12-01,35.4
MS,dor de garganta,2024-01-01,22.25
MS,dor de garganta,2024-02-01,26.0
MS,dor de garganta,2024-03-01,27.6
MS,dor de garganta,2024-04-01,33.0
MS,dor de garganta,2024-05-01,34.0
MS,dor de garganta,2024-06-01,36.4
MS,dor de garganta,2024-07-01,33.75
MS,dor de garganta,2024-08-01,32.0
MS,dor de garganta,2024-09-01,34.2
MS,dor de garganta,2024-10-01,26.5
MS,dor de garganta,2024-11-01,32.75
MS,dor de garganta,2024-12-01,27.4
MS,dor de garganta,2025-01-01,21.0
MS,dor de garganta,2025-02-01,24.5
MS,dor de garganta,2025-03-01,30.6
MS,dor de garganta,2025-04-01,30.25
MS,dor de garganta,2025-05-01,31.0
MS,dor de garganta,2025-06-01,33.6
MS,dor de garganta,2025-07-01,36.5
MS,dor de garganta,2025-08-01,34.4
MS,dor de garganta,2025-09-01,37.75
MS,dor de garganta,2025-10-01,27.0
MS,dor de garganta,2025-11-01,27.8
MS,dor de garganta,2025-12-01,30.5
MS,dor de garganta,2026-01-01,24.0
MS,dor de garganta,2026-02-01,29.5
MS,dor de garganta,2026-03-01,35.6
MS,dor de garganta,2026-04-01,32.75
MS,dor de garganta,2026-05-01,38.2
MS,dor de garganta,2026-06-01,31.25
MS,dor de garganta,2026-07-01,32.75
MS,dor de garganta,2026-08-01,26.2
MS,dor de garganta,2026-09-01,27.25
MT,dor de garganta,2022-01-01,83.4
MT,dor de garganta,2022-02-01,37.0
MT,dor de garganta,2022-03-01,35.0
MT,dor de garganta,2022-04-01,39.75
MT,dor de garganta,2022-05-01,43.8
MT,dor de garganta,2022-06-01,59.5
MT,dor de garganta,2022-07-01,50.8
MT,dor de garganta,2022-08-01,31.75
MT,dor de garganta,2022-09-01,31.0
MT,dor de garganta,2022-10-01,31.0
MT,dor de garganta,2022-11-01,31.25
MT,dor de garganta,2022-12-01,38.0
MT,dor de garganta,2023-01-01,23.6
MT,dor de garganta,2023-02-01,40.0
MT,dor de garganta,2023-03-01,36.5
MT,dor de garganta,2023-04-01,44.2
MT,dor de garganta,2023-05-01,36.5
MT,dor de garganta,2023-06-01,40.25
MT,dor de garganta,2023-07-01,40.2
MT,dor de garganta,2023-08-01,34.5
MT,dor de garganta,2023-09-01,32.25
MT,dor de garganta,2023-10-01,29.2
MT,dor de garganta,2023-11-01,29.75
MT,dor de garganta,2023-12-01,32.0
MT,dor de garganta,2024-01-01,24.0
MT,dor de garganta,2024-02-01,24.75
MT,dor de garganta,2024-03-01,27.6
MT,dor de garganta,2024-04-01,33.25
MT,dor de garganta,2024-05-01,26.25
MT,dor de garganta,2024-06-01,28.8
MT,dor de garganta,2024-07-01,32.25
MT,dor de garganta,2024-08-01,28.75
MT,dor de garganta,2024-09-01,30.6
MT,dor de garganta,2024-10-01,29.0
MT,dor de garganta,2024-11-01,33.25
MT,dor de garganta,2024-12-01,30.2
MT,dor de garganta,2025-01-01,25.5
MT,dor de garganta,2025-02-01,24.5
MT,dor de garganta,2025-03-01,30.8
MT,dor de garganta,2025-04-01,28.0
MT,dor de garganta,2025-05-01,37.25
MT,dor de garganta,2025-06-01,31.0
MT,dor de garganta,2025-07-01,38.0
MT,dor de garganta,2025-08-01,37.6
MT,dor de garganta,2025-09-01,35.75
MT,dor de garganta,2025-10-01,31.0
MT,dor de garganta,2025-11-01,28.6
MT,dor de garganta,2025-12-01,33.75
MT,dor de garganta,2026-01-01,18.25
MT,dor de garganta,2026-02-01,19.5
MT,dor de garganta,2026-03-01,36.2
MT,dor de garganta,2026-04-01,35.5
MT,dor de garganta,2026-05-01,31.6
MT,dor de garganta,2026-06-01,32.25
MT,dor de garganta,2026-07-01,30.5
MT,dor de garganta,2026-08-01,28.6
MT,dor de garganta,2026-09-01,30.5
PA,dor de garganta,2022-01-01,74.4
PA,dor de garganta,2022-02-01,26.25
PA,dor de garganta,2022-03-01,31.75
PA,dor de garganta,2022-04-01,35.0
PA,dor de garganta,2022-05-01,42.6
PA,dor de garganta,2022-06-01,52.25
PA,dor de garganta,2022-07-01,44.0
PA,dor de garganta,2022-08-01,35.5
PA,dor de garganta,2022-09-01,39.75
PA,dor de garganta,2022-10-01,40.4
PA,dor de garganta,2022-11-01,37.25
PA,dor de garganta,2022-12-01,37.75
PA,dor de garganta,2023-01-01,32.0
PA,dor de garganta,2023-02-01,40.0
PA,dor de garganta,2023-03-01,40.5
PA,dor de garganta,2023-04-01,43.8
PA,dor de garganta,2023-05-01,43.5
PA,dor de garganta,2023-06-01,43.5
PA,dor de garganta,2023-07-01,40.6
PA,dor de garganta,2023-08-01,38.75
PA,dor de garganta,2023-09-01,35.75
PA,dor de garganta,2023-10-01,37.8
PA,dor de garganta,2023-11-01,34.0
PA,dor de garganta,2023-12-01,43.4
PA,dor de garganta,2024-01-01,25.75
PA,dor de garganta,2024-02-01,30.25
PA,dor de garganta,2024-03-01,34.4
PA,dor de garganta,2024-04-01,36.25
PA,dor de garganta,2024-05-01,37.75
PA,dor de garganta,2024-06-01,33.4
PA,dor de garganta,2024-07-01,34.0
PA,dor de garganta,2024-08-01,29.0
PA,dor de garganta,2024-09-01,34.6
PA,dor de garganta,2024-10-01,36.25
PA,dor de garganta,2024-11-01,34.5
PA,dor de garganta,2024-12-01,31.0
PA,dor de garganta,2025-01-01,30.75
PA,dor de garganta,2025-02-01,30.25
PA,dor de garganta,2025-03-01,36.4
PA,dor de garganta,2025-04-01,42.75
PA,dor de garganta,2025-05-01,37.5
PA,dor de garganta,2025-06-01,41.0
PA,dor de garganta,2025-07-01,41.5
PA,dor de garganta,2025-08-01,38.4
PA,dor de garganta,2025-09-01,35.75
PA,dor de garganta,2025-10-01,43.0
PA,dor de garganta,2025-11-01,35.0
PA,dor de garganta,2025-12-01,35.5
PA,dor de garganta,2026-01-01,29.5
PA,dor de garganta,2026-02-01,39.25
PA,dor de garganta,2026-03-01,43.2
PA,dor de garganta,2026-04-01,39.75
PA,dor de garganta,2026-05-01,43.6
PA,dor de garganta,2026-06-01,42.0
PA,dor de garganta,2026-07-01,36.0
PA,dor de garganta,2026-08-01,41.0
PA,dor de garganta,2026-09-01,43.5
PB,dor de garganta,2022-01-01,78.2
PB,dor de garganta,2022-02-01,38.25
PB,dor de garganta,2022-03-01,29.75
PB,dor de garganta,2022-04-01,39.0
PB,dor de garganta,2022-05-01,47.0
PB,dor de garganta,2022-06-01,73.25
PB,dor de garganta,2022-07-01,51.4
PB,dor de garganta,2022-08-01,46.0
PB,dor de garganta,2022-09-01,38.25
PB,dor de garganta,2022-10-01,37.2
PB,dor de garganta,2022-11-01,45.75
PB,dor de garganta,2022-12-01,30.5
PB,dor de garganta,2023-01-01,24.0
PB,dor de garganta,2023-02-01,34.5
PB,dor de garganta,2023-03-01,35.5
PB,dor de garganta,2023-04-01,42.2
PB,dor de garganta,2023-05-01,42.75
PB,dor de garganta,2023-06-01,42.0
PB,dor de garganta,2023-07-01,39.4
PB,dor de garganta,2023-08-01,31.25
PB,dor de garganta,2023-09-01,32.5
PB,dor de garganta,2023-10-01,30.2
PB,dor de garganta,2023-11-01,31.25
PB,dor de garganta,2023-12-01,38.0
PB,dor de garganta,2024-01-01,22.75
PB,dor de garganta,2024-02-01,25.25
PB,dor de garganta,2024-03-01,30.4
PB,dor de garganta,2024-04-01,34.25
PB,dor de garganta,2024-05-01,28.5
PB,dor de garganta,2024-06-01,30.2
PB,dor de garganta,2024-07-01,29.0
PB,dor de garganta,2024-08-01,27.0
PB,dor de garganta,2024-09-01,31.6
PB,dor de garganta,2024-10-01,29.25
PB,dor de garganta,2024-11-01,34.5
PB,dor de garganta,2024-12-01,28.6
PB,dor de garganta,2025-01-01,24.0
PB,dor de garganta,2025-02-01,20.0
PB,dor de garganta,2025-03-01,25.2
PB,dor de garganta,2025-04-01,30.5
PB,dor de garganta,2025-05-01,30.0
PB,dor de garganta,2025-06-01,41.6
PB,dor de garganta,2025-07-01,36.75
PB,dor de garganta,2025-08-01,28.2
PB,dor de garganta,2025-09-01,29.5
PB,dor de garganta,2025-10-01,31.0
PB,dor de garganta,2025-11-01,26.8
PB,dor de garganta,2025-12-01,27.5
PB,dor de garganta,2026-01-01,23.0
PB,dor de garganta,2026-02-01,29.25
PB,dor de garganta,2026-03-01,30.6
PB,dor de garganta,2026-04-01,24.75
PB,dor de garganta,2026-05-01,27.6
PB,dor de garganta,2026-06-01,32.25
PB,dor de garganta,2026-07-01,29.25
PB,dor de garganta,2026-08-01,35.2
PB,dor de garganta,2026-09-01,30.75
PE,dor de garganta,2022-01-01,77.8
PE,dor de garganta,2022-02-01,33.5
PE,dor de garganta,2022-03-01,29.75
PE,dor de garganta,2022-04-01,32.5
PE,dor de garganta,2022-05-01,39.8
PE,dor de garganta,2022-06-01,57.75
PE,dor de garganta,2022-07-01,45.2
PE,dor de garganta,2022-08-01,41.5
PE,dor de garganta,2022-09-01,39.25
PE,dor de garganta,2022-10-01,39.0
PE,dor de garganta,2022-11-01,42.75
PE,dor de garganta,2022-12-01,35.75
PE,dor de garganta,2023-01-01,27.8
PE,dor de garganta,2023-02-01,38.25
PE,dor de garganta,2023-03-01,36.25
PE,dor de garganta,2023-04-01,37.4
PE,dor de garganta,2023-05-01,35.25
PE,dor de garganta,2023-06-01,38.25
PE,dor de garganta,2023-07-01,33.6
PE,dor de garganta,2023-08-01,32.0
PE,dor de garganta,2023-09-01,32.25
PE,dor de garganta,2023-10-01,35.0
PE,dor de garganta,2023-11-01,32.0
PE,dor de garganta,2023-12-01,36.6
PE,dor de garganta,2024-01-01,26.5
PE,dor de garganta,2024-02-01,28.0
PE,dor de garganta,2024-03-01,31.2
PE,dor de garganta,2024-04-01,32.75
PE,dor de garganta,2024-05-01,31.75
PE,dor de garganta,2024-06-01,29.6
PE,dor de garganta,2024-07-01,33.25
PE,dor de garganta,2024-08-01,28.75
PE,dor de garganta,2024-09-01,33.2
PE,dor de garganta,2024-10-01,33.75
PE,dor de garganta,2024-11-01,32.75
PE,dor de garganta,2024-12-01,36.2
PE,dor de garganta,2025-01-01,20.75
PE,dor de garganta,2025-02-01,24.25
PE,dor de garganta,2025-03-01,27.0
PE,dor de garganta,2025-04-01,28.5
PE,dor de garganta,2025-05-01,27.0
PE,dor de garganta,2025-06-01,31.2
PE,dor de garganta,2025-07-01,32.5
PE,dor de garganta,2025-08-01,31.2
PE,dor de garganta,2025-09-01,32.25
PE,dor de garganta,2025-10-01,36.25
PE,dor de garganta,2025-11-01,33.0
PE,dor de garganta,2025-12-01,32.75
PE,dor de garganta,2026-01-01,26.0
PE,dor de garganta,2026-02-01,35.75
PE,dor de garganta,2026-03-01,28.2
PE,dor de garganta,2026-04-01,27.75
PE,dor de garganta,2026-05-01,32.6
PE,dor de garganta,2026-06-01,32.5
PE,dor de garganta,2026-07-01,28.25
PE,dor de garganta,2026-08-01,33.0
PE,dor de garganta,2026-09-01,33.5
PI,dor de garganta,2022-01-01,78.6
PI,dor de garganta,2022-02-01,29.5
PI,dor de garganta,2022-03-01,27.25
PI,dor de garganta,2022-04-01,34.75
PI,dor de garganta,2022-05-01,41.2
PI,dor de garganta,2022-06-01,48.75
PI,dor de garganta,2022-07-01,43.4
PI,dor de garganta,2022-08-01,34.0
PI,dor de garganta,2022-09-01,32.0
PI,dor de garganta,2022-10-01,33.8
PI,dor de garganta,2022-11-01,36.75
PI,dor de garganta,2022-12-01,37.25
PI,dor de garganta,2023-01-01,26.2
PI,dor de garganta,2023-02-01,36.25
PI,dor de garganta,2023-03-01,35.75
PI,dor de garganta,2023-04-01,42.4
PI,dor de garganta,2023-05-01,44.0
PI,dor de garganta,2023-06-01,37.75
PI,dor de garganta,2023-07-01,34.4
PI,dor de garganta,2023-08-01,36.25
PI,dor de garganta,2023-09-01,38.5
PI,dor de garganta,2023-10-01,32.8
PI,dor de garganta,2023-11-01,30.0
PI,dor de garganta,2023-12-01,35.2
PI,dor de garganta,2024-01-01,18.0
PI,dor de garganta,2024-02-01,17.25
PI,dor de garganta,2024-03-01,34.2
PI,dor de garganta,2024-04-01,30.0
PI,dor de garganta,2024-05-01,32.25
PI,dor de garganta,2024-06-01,34.2
PI,dor de garganta,2024-07-01,23.5
PI,dor de garganta,2024-08-01,28.5
PI,dor de garganta,2024-09-01,28.8
PI,dor de garganta,2024-10-01,23.25
PI,dor de garganta,2024-11-01,29.75
PI,dor de garganta,2024-12-01,30.0
PI,dor de garganta,2025-01-01,20.5
PI,dor de garganta,2025-02-01,23.5
PI,dor de garganta,2025-03-01,27.6
PI,dor de garganta,2025-04-01,29.5
PI,dor de garganta,2025-05-01,25.75
PI,dor de garganta,2025-06-01,30.2
PI,dor de garganta,2025-07-01,26.25
PI,dor de garganta,2025-08-01,38.0
PI,dor de garganta,2025-09-01,27.0
PI,dor de garganta,2025-10-01,29.75
PI,dor de garganta,2025-11-01,28.8
PI,dor de garganta,2025-12-01,12.75
PI,dor de garganta,2026-01-01,26.25
PI,dor de garganta,2026-02-01,26.75
PI,dor de garganta,2026-03-01,32.4
PI,dor de garganta,2026-04-01,31.25
PI,dor de garganta,2026-05-01,32.2
PI,dor de garganta,2026-06-01,35.75
PI,dor de garganta,2026-07-01,28.75
PI,dor de garganta,2026-08-01,35.4
PI,dor de garganta,2026-09-01,31.75
PR,dor de garganta,2022-01-01,84.4
PR,dor de garganta,2022-02-01,44.75
PR,dor de garganta,2022-03-01,40.0
PR,dor de garganta,2022-04-01,57.5
PR,dor de garganta,2022-05-01,74.4
PR,dor de garganta,2022-06-01,82.0
PR,dor de garganta,2022-07-01,63.6
PR,dor de garganta,2022-08-01,48.0
PR,dor de garganta,2022-09-01,42.75
PR,dor de garganta,2022-10-01,42.4
PR,dor de garganta,2022-11-01,47.25
PR,dor de garganta,2022-12-01,41.5
PR,dor de garganta,2023-01-01,24.8
PR,dor de garganta,2023-02-01,39.0
PR,dor de garganta,2023-03-01,42.25
PR,dor de garganta,2023-04-01,45.8
PR,dor de garganta,2023-05-01,54.0
PR,dor de garganta,2023-06-01,54.75
PR,dor de garganta,2023-07-01,45.8
PR,dor de garganta,2023-08-01,41.0
PR,dor de garganta,2023-09-01,40.5
PR,dor de garganta,2023-10-01,38.8
PR,dor de garganta,2023-11-01,34.0
PR,dor de garganta,2023-12-01,35.2
PR,dor de garganta,2024-01-01,22.75
PR,dor de garganta,2024-02-01,31.25
PR,dor de garganta,2024-03-01,37.0
PR,dor de garganta,2024-04-01,39.0
PR,dor de garganta,2024-05-01,39.0
PR,dor de garganta,2024-06-01,40.6
PR,dor de garganta,2024-07-01,32.75
PR,dor de garganta,2024-08-01,37.0
PR,dor de garganta,2024-09-01,38.2
PR,dor de garganta,2024-10-01,35.25
PR,dor de garganta,2024-11-01,31.75
PR,dor de garganta,2024-12-01,32.0
PR,dor de garganta,2025-01-01,19.75
PR,dor de garganta,2025-02-01,26.0
PR,dor de garganta,2025-03-01,29.4
PR,dor de garganta,2025-04-01,32.0
PR,dor de garganta,2025-05-01,35.0
PR,dor de garganta,2025-06-01,37.8
PR,dor de garganta,2025-07-01,38.5
PR,dor de garganta,2025-08-01,38.4
PR,dor de garganta,2025-09-01,35.0
PR,dor de garganta,2025-10-01,34.75
PR,dor de garganta,2025-11-01,32.6
PR,dor de garganta,2025-12-01,30.0
PR,dor de garganta,2026-01-01,21.5
PR,dor de garganta,2026-02-01,26.75
PR,dor de garganta,2026-03-01,35.8
PR,dor de garganta,2026-04-01,32.0
PR,dor de garganta,2026-05-01,41.0
PR,dor de garganta,2026-06-01,40.5
PR,dor de garganta,2026-07-01,36.0
PR,dor de garganta,2026-08-01,34.6
PR,dor de garganta,2026-09-01,34.5
RJ,dor de garganta,2022-01-01,71.6
RJ,dor de garganta,2022-02-01,33.0
RJ,dor de garganta,2022-03-01,34.25
RJ,dor de garganta,2022-04-01,35.5
RJ,dor de garganta,2022-05-01,42.2
RJ,dor de garganta,2022-06-01,50.25
RJ,dor de garganta,2022-07-01,41.2
RJ,dor de garganta,2022-08-01,36.0
RJ,dor de garganta,2022-09-01,32.75
RJ,dor de garganta,2022-10-01,34.4
RJ,dor de garganta,2022-11-01,39.5
RJ,dor de garganta,2022-12-01,29.25
RJ,dor de garganta,2023-01-01,24.6
RJ,dor de garganta,2023-02-01,40.0
RJ,dor de garganta,2023-03-01,36.75
RJ,dor de garganta,2023-04-01,37.6
RJ,dor de garganta,2023-05-01,38.75
RJ,dor de garganta,2023-06-01,41.5
RJ,dor de garganta,2023-07-01,37.2
RJ,dor de garganta,2023-08-01,35.5
RJ,dor de garganta,2023-09-01,40.25
RJ,dor de garganta,2023-10-01,34.6
RJ,dor de garganta,2023-11-01,30.75
RJ,dor de garganta,2023-12-01,31.6
RJ,dor de garganta,2024-01-01,25.75
RJ,dor de garganta,2024-02-01,39.75
RJ,dor de garganta,2024-03-01,31.8
RJ,dor de garganta,2024-04-01,35.0
RJ,dor de garganta,2024-05-01,30.75
RJ,dor de garganta,2024-06-01,33.0
RJ,dor de garganta,2024-07-01,27.75
RJ,dor de garganta,2024-08-01,32.0
RJ,dor de garganta,2024-09-01,31.6
RJ,dor de garganta,2024-10-01,31.5
RJ,dor de garganta,2024-11-01,33.75
RJ,dor de garganta,2024-12-01,31.2
RJ,dor de garganta,2025-01-01,23.75
RJ,dor de garganta,2025-02-01,26.0
RJ,dor de garganta,2025-03-01,30.8
RJ,dor de garganta,2025-04-01,30.25
RJ,dor de garganta,2025-05-01,36.25
RJ,dor de garganta,2025-06-01,33.8
RJ,dor de garganta,2025-07-01,32.75
RJ,dor de garganta,2025-08-01,34.4
RJ,dor de garganta,2025-09-01,33.25
RJ,dor de garganta,2025-10-01,30.0
RJ,dor de garganta,2025-11-01,30.2
RJ,dor de garganta,2025-12-01,30.0
RJ,dor de garganta,2026-01-01,24.75
RJ,dor de garganta,2026-02-01,27.5
RJ,dor de garganta,2026-03-01,35.4
RJ,dor de garganta,2026-04-01,29.5
RJ,dor de garganta,2026-05-01,33.0
RJ,dor de garganta,2026-06-01,33.75
RJ,dor de garganta,2026-07-01,35.25
RJ,dor de garganta,2026-08-01,32.4
RJ,dor de garganta,2026-09-01,36.25
RN,dor de garganta,2022-01-01,84.8
RN,dor de garganta,2022-02-01,24.0
RN,dor de garganta,2022-03-01,35.75
RN,dor de garganta,2022-04-01,38.75
RN,dor de garganta,2022-05-01,44.4
RN,dor de garganta,2022-06-01,61.0
RN,dor de garganta,2022-07-01,48.2
RN,dor de garganta,2022-08-01,43.5
RN,dor de garganta,2022-09-01,34.75
RN,dor de garganta,2022-10-01,33.6
RN,dor de garganta,2022-11-01,44.25
RN,dor de garganta,2022-12-01,35.25
RN,dor de garganta,2023-01-01,28.8
RN,dor de garganta,2023-02-01,38.0
RN,dor de garganta,2023-03-01,31.75
RN,dor de garganta,2023-04-01,41.8
RN,dor de garganta,2023-05-01,37.75
RN,dor de garganta,2023-06-01,44.75
RN,dor de garganta,2023-07-01,36.2
RN,dor de garganta,2023-08-01,32.25
RN,dor de garganta,2023-09-01,29.25
RN,dor de garganta,2023-10-01,30.0
RN,dor de garganta,2023-11-01,30.0
RN,dor de garganta,2023-12-01,31.0
RN,dor de garganta,2024-01-01,23.75
RN,dor de garganta,2024-02-01,26.75
RN,dor de garganta,2024-03-01,36.6
RN,dor de garganta,2024-04-01,32.75
RN,dor de garganta,2024-05-01,26.75
RN,dor de garganta,2024-06-01,33.8
RN,dor de garganta,2024-07-01,30.75
RN,dor de garganta,2024-08-01,30.5
RN,dor de garganta,2024-09-01,30.4
RN,dor de garganta,2024-10-01,33.5
RN,dor de garganta,2024-11-01,29.5
RN,dor de garganta,2024-12-01,26.6
RN,dor de garganta,2025-01-01,20.5
RN,dor de garganta,2025-02-01,20.0
RN,dor de garganta,2025-03-01,28.0
RN,dor de garganta,2025-04-01,29.5
RN,dor de garganta,2025-05-01,25.5
RN,dor de garganta,2025-06-01,32.0
RN,dor de garganta,2025-07-01,32.5
RN,dor de garganta,2025-08-01,31.0
RN,dor de garganta,2025-09-01,34.75
RN,dor de garganta,2025-10-01,29.75
RN,dor de garganta,2025-11-01,28.8
RN,dor de garganta,2025-12-01,30.5
RN,dor de garganta,2026-01-01,23.75
RN,dor de garganta,2026-02-01,38.5
RN,dor de garganta,2026-03-01,29.0
RN,dor de garganta,2026-04-01,29.75
RN,dor de garganta,2026-05-01,32.4
RN,dor de garganta,2026-06-01,33.75
RN,dor de garganta,2026-07-01,22.75
RN,dor de garganta,2026-08-01,34.0
RN,dor de garganta,2026-09-01,30.5
RS,dor de garganta,2022-01-01,87.6
RS,dor de garganta,2022-02-01,46.25
RS,dor de garganta,2022-03-01,46.25
RS,dor de garganta,2022-04-01,59.25
RS,dor de garganta,2022-05-01,79.4
RS,dor de garganta,2022-06-01,83.0
RS,dor de garganta,2022-07-01,71.6
RS,dor de garganta,2022-08-01,56.25
RS,dor de garganta,2022-09-01,50.75
RS,dor de garganta,2022-10-01,45.0
RS,dor de garganta,2022-11-01,43.75
RS,dor de garganta,2022-12-01,51.0
RS,dor de garganta,2023-01-01,28.6
RS,dor de garganta,2023-02-01,34.0
RS,dor de garganta,2023-03-01,50.0
RS,dor de garganta,2023-04-01,53.6
RS,dor de garganta,2023-05-01,58.25
RS,dor de garganta,2023-06-01,56.0
RS,dor de garganta,2023-07-01,50.6
RS,dor de garganta,2023-08-01,46.25
RS,dor de garganta,2023-09-01,43.25
RS,dor de garganta,2023-10-01,44.6
RS,dor de garganta,2023-11-01,36.75
RS,dor de garganta,2023-12-01,40.4
RS,dor de garganta,2024-01-01,26.75
RS,dor de garganta,2024-02-01,31.25
RS,dor de garganta,2024-03-01,41.4
RS,dor de garganta,2024-04-01,39.0
RS,dor de garganta,2024-05-01,35.25
RS,dor de garganta,2024-06-01,40.2
RS,dor de garganta,2024-07-01,44.25
RS,dor de garganta,2024-08-01,40.5
RS,dor de garganta,2024-09-01,44.2
RS,dor de garganta,2024-10-01,44.5
RS,dor de garganta,2024-11-01,36.75
RS,dor de garganta,2024-12-01,37.0
RS,dor de garganta,2025-01-01,25.5
RS,dor de garganta,2025-02-01,26.25
RS,dor de garganta,2025-03-01,37.6
RS,dor de garganta,2025-04-01,40.5
RS,dor de garganta,2025-05-01,45.0
RS,dor de garganta,2025-06-01,42.6
RS,dor de garganta,2025-07-01,46.0
RS,dor de garganta,2025-08-01,43.6
RS,dor de garganta,2025-09-01,44.5
RS,dor de garganta,2025-10-01,38.25
RS,dor de garganta,2025-11-01,37.0
RS,dor de garganta,2025-12-01,32.0
RS,dor de garganta,2026-01-01,28.0
RS,dor de garganta,2026-02-01,27.0
RS,dor de garganta,2026-03-01,42.2
RS,dor de garganta,2026-04-01,35.25
RS,dor de garganta,2026-05-01,49.4
RS,dor de garganta,2026-06-01,40.5
RS,dor de garganta,2026-07-01,41.5
RS,dor de garganta,2026-08-01,36.8
RS,dor de garganta,2026-09-01,46.25
SC,dor de garganta,2022-01-01,84.2
SC,dor de garganta,2022-02-01,39.0
SC,dor de garganta,2022-03-01,36.5
SC,dor de garganta,2022-04-01,49.75
SC,dor de garganta,2022-05-01,64.0
SC,dor de garganta,2022-06-01,74.0
SC,dor de garganta,2022-07-01,56.6
SC,dor de garganta,2022-08-01,44.25
SC,dor de garganta,2022-09-01,40.0
SC,dor de garganta,2022-10-01,37.0
SC,dor de garganta,2022-11-01,41.0
SC,dor de garganta,2022-12-01,36.0
SC,dor de garganta,2023-01-01,22.2
SC,dor de garganta,2023-02-01,34.75
SC,dor de garganta,2023-03-01,41.5
SC,dor de garganta,2023-04-01,44.6
SC,dor de garganta,2023-05-01,48.0
SC,dor de garganta,2023-06-01,47.25
SC,dor de garganta,2023-07-01,44.8
SC,dor de garganta,2023-08-01,40.25
SC,dor de garganta,2023-09-01,38.0
SC,dor de garganta,2023-10-01,35.0
SC,dor de garganta,2023-11-01,33.75
SC,dor de garganta,2023-12-01,33.2
SC,dor de garganta,2024-01-01,23.75
SC,dor de garganta,2024-02-01,29.25
SC,dor de garganta,2024-03-01,36.6
SC,dor de garganta,2024-04-01,37.0
SC,dor de garganta,2024-05-01,37.25
SC,dor de garganta,2024-06-01,40.8
SC,dor de garganta,2024-07-01,37.5
SC,dor de garganta,2024-08-01,35.75
SC,dor de garganta,2024-09-01,37.8
SC,dor de garganta,2024-10-01,36.5
SC,dor de garganta,2024-11-01,33.25
SC,dor de garganta,2024-12-01,32.2
SC,dor de garganta,2025-01-01,20.5
SC,dor de garganta,2025-02-01,24.75
SC,dor de garganta,2025-03-01,29.2
SC,dor de garganta,2025-04-01,34.0
SC,dor de garganta,2025-05-01,32.5
SC,dor de garganta,2025-06-01,36.4
SC,dor de garganta,2025-07-01,36.5
SC,dor de garganta,2025-08-01,32.8
SC,dor de garganta,2025-09-01,36.0
SC,dor de garganta,2025-10-01,33.0
SC,dor de garganta,2025-11-01,30.2
SC,dor de garganta,2025-12-01,29.25
SC,dor de garganta,2026-01-01,20.75
SC,dor de garganta,2026-02-01,25.5
SC,dor de garganta,2026-03-01,32.4
SC,dor de garganta,2026-04-01,30.0
SC,dor de garganta,2026-05-01,36.2
SC,dor de garganta,2026-06-01,36.25
SC,dor de garganta,2026-07-01,37.25
SC,dor de garganta,2026-08-01,29.0
SC,dor de garganta,2026-09-01,32.0
SE,dor de garganta,2022-01-01,83.4
SE,dor de garganta,2022-02-01,38.25
SE,dor de garganta,2022-03-01,29.75
SE,dor de garganta,2022-04-01,45.25
SE,dor de garganta,2022-05-01,40.2
SE,dor de garganta,2022-06-01,79.25
SE,dor de garganta,2022-07-01,68.2
SE,dor de garganta,2022-08-01,46.0
SE,dor de garganta,2022-09-01,39.25
SE,dor de garganta,2022-10-01,52.0
SE,dor de garganta,2022-11-01,45.0
SE,dor de garganta,2022-12-01,36.5
SE,dor de garganta,2023-01-01,27.2
SE,dor de garganta,2023-02-01,48.5
SE,dor de garganta,2023-03-01,44.0
SE,dor de garganta,2023-04-01,43.8
SE,dor de garganta,2023-05-01,44.0
SE,dor de garganta,2023-06-01,57.0
SE,dor de garganta,2023-07-01,52.6
SE,dor de garganta,2023-08-01,43.5
SE,dor de garganta,2023-09-01,48.0
SE,dor de garganta,2023-10-01,44.6
SE,dor de garganta,2023-11-01,39.5
SE,dor de garganta,2023-12-01,38.4
SE,dor de garganta,2024-01-01,15.25
SE,dor de garganta,2024-02-01,31.5
SE,dor de garganta,2024-03-01,27.8
SE,dor de garganta,2024-04-01,35.5
SE,dor de garganta,2024-05-01,23.5
SE,dor de garganta,2024-06-01,40.6
SE,dor de garganta,2024-07-01,32.5
SE,dor de garganta,2024-08-01,34.0
SE,dor de garganta,2024-09-01,40.6
SE,dor de garganta,2024-10-01,37.5
SE,dor de garganta,2024-11-01,40.25
SE,dor de garganta,2024-12-01,27.2
SE,dor de garganta,2025-01-01,26.0
SE,dor de garganta,2025-02-01,28.5
SE,dor de garganta,2025-03-01,35.2
SE,dor de garganta,2025-04-01,28.25
SE,dor de garganta,2025-05-01,19.75
SE,dor de garganta,2025-06-01,50.6
SE,dor de garganta,2025-07-01,38.0
SE,dor de garganta,2025-08-01,42.0
SE,dor de garganta,2025-09-01,52.25
SE,dor de garganta,2025-10-01,51.5
SE,dor de garganta,2025-11-01,24.0
SE,dor de garganta,2025-12-01,37.5
SE,dor de garganta,2026-01-01,24.0
SE,dor de garganta,2026-02-01,28.25
SE,dor de garganta,2026-03-01,42.0
SE,dor de garganta,2026-04-01,38.5
SE,dor de garganta,2026-05-01,41.6
SE,dor de garganta,2026-06-01,40.0
SE,dor de garganta,2026-07-01,35.75
SE,dor de garganta,2026-08-01,41.2
SE,dor de garganta,2026-09-01,32.0
SP,dor de garganta,2022-01-01,81.0
SP,dor de garganta,2022-02-01,35.5
SP,dor de garganta,2022-03-01,33.5
SP,dor de garganta,2022-04-01,43.0
SP,dor de garganta,2022-05-01,59.0
SP,dor de garganta,2022-06-01,69.0
SP,dor de garganta,2022-07-01,48.4
SP,dor de garganta,2022-08-01,44.25
SP,dor de garganta,2022-09-01,44.25
SP,dor de garganta,2022-10-01,42.4
SP,dor de garganta,2022-11-01,48.75
SP,dor de garganta,2022-12-01,40.25
SP,dor de garganta,2023-01-01,27.4
SP,dor de garganta,2023-02-01,45.25
SP,dor de garganta,2023-03-01,41.0
SP,dor de garganta,2023-04-01,41.2
SP,dor de garganta,2023-05-01,49.0
SP,dor de garganta,2023-06-01,52.75
SP,dor de garganta,2023-07-01,42.4
SP,dor de garganta,2023-08-01,42.5
SP,dor de garganta,2023-09-01,39.75
SP,dor de garganta,2023-10-01,37.8
SP,dor de garganta,2023-11-01,33.0
SP,dor de garganta,2023-12-01,31.0
SP,dor de garganta,2024-01-01,20.5
SP,dor de garganta,2024-02-01,34.0
SP,dor de garganta,2024-03-01,33.0
SP,dor de garganta,2024-04-01,41.0
SP,dor de garganta,2024-05-01,37.75
SP,dor de garganta,2024-06-01,41.0
SP,dor de garganta,2024-07-01,32.5
SP,dor de garganta,2024-08-01,38.75
SP,dor de garganta,2024-09-01,36.0
SP,dor de garganta,2024-10-01,33.0
SP,dor de garganta,2024-11-01,34.75
SP,dor de garganta,2024-12-01,32.2
SP,dor de garganta,2025-01-01,21.5
SP,dor de garganta,2025-02-01,28.0
SP,dor de garganta,2025-03-01,27.8
SP,dor de garganta,2025-04-01,34.25
SP,dor de garganta,2025-05-01,39.5
SP,dor de garganta,2025-06-01,38.2
SP,dor de garganta,2025-07-01,34.0
SP,dor de garganta,2025-08-01,38.4
SP,dor de garganta,2025-09-01,34.75
SP,dor de garganta,2025-10-01,33.25
SP,dor de garganta,2025-11-01,31.0
SP,dor de garganta,2025-12-01,28.75
SP,dor de garganta,2026-01-01,21.0
SP,dor de garganta,2026-02-01,31.25
SP,dor de garganta,2026-03-01,32.0
SP,dor de garganta,2026-04-01,30.0
SP,dor de garganta,2026-05-01,35.4
SP,dor de garganta,2026-06-01,37.75
SP,dor de garganta,2026-07-01,31.75
SP,dor de garganta,2026-08-01,31.6
SP,dor de garganta,2026-09-01,32.5
MG,pele ressecada,2022-01-01,18.4
MG,pele ressecada,2022-02-01,24.0
MG,pele ressecada,2022-03-01,25.5
MG,pele ressecada,2022-04-01,33.25
MG,pele ressecada,2022-05-01,49.0
MG,pele ressecada,2022-06-01,41.75
MG,pele ressecada,2022-07-01,54.8
MG,pele ressecada,2022-08-01,61.75
MG,pele ressecada,2022-09-01,41.75
MG,pele ressecada,2022-10-01,22.6
MG,pele ressecada,2022-11-01,30.5
MG,pele ressecada,2022-12-01,6.5
MG,pele ressecada,2023-01-01,8.0
MG,pele ressecada,2023-02-01,12.75
MG,pele ressecada,2023-03-01,33.5
MG,pele ressecada,2023-04-01,23.2
MG,pele ressecada,2023-05-01,53.0
MG,pele ressecada,2023-06-01,58.25
MG,pele ressecada,2023-07-01,49.4
MG,pele ressecada,2023-08-01,34.5
MG,pele ressecada,2023-09-01,18.0
MG,pele ressecada,2023-10-01,16.8
MG,pele ressecada,2023-11-01,18.0
MG,pele ressecada,2023-12-01,26.4
MG,pele ressecada,2024-01-01,8.75
MG,pele ressecada,2024-02-01,5.75
MG,pele ressecada,2024-03-01,17.4
MG,pele ressecada,2024-04-01,36.5
MG,pele ressecada,2024-05-01,37.0
MG,pele ressecada,2024-06-01,41.6
MG,pele ressecada,2024-07-01,49.25
MG,pele ressecada,2024-08-01,53.0
MG,pele ressecada,2024-09-01,42.2
MG,pele ressecada,2024-10-01,8.25
MG,pele ressecada,2024-11-01,8.5
MG,pele ressecada,2024-12-01,0.0
MG,pele ressecada,2025-01-01,0.0
MG,pele ressecada,2025-02-01,16.75
MG,pele ressecada,2025-03-01,6.4
MG,pele ressecada,2025-04-01,23.0
MG,pele ressecada,2025-05-01,14.75
MG,pele ressecada,2025-06-01,38.2
MG,pele ressecada,2025-07-01,45.25
MG,pele ressecada,2025-08-01,50.4
MG,pele ressecada,2025-09-01,48.75
MG,pele ressecada,2025-10-01,41.5
MG,pele ressecada,2025-11-01,18.8
MG,pele ressecada,2025-12-01,13.75
MG,pele ressecada,2026-01-01,22.0
MG,pele ressecada,2026-02-01,0.0
MG,pele ressecada,2026-03-01,5.6
MG,pele ressecada,2026-04-01,39.5
MG,pele ressecada,2026-05-01,21.4
MG,pele ressecada,2026-06-01,28.25
MG,pele ressecada,2026-07-01,55.25
MG,pele ressecada,2026-08-01,31.0
MG,pele ressecada,2026-09-01,12.75
RJ,pele ressecada,2022-01-01,22.6
RJ,pele ressecada,2022-02-01,26.75
RJ,pele ressecada,2022-03-01,33.25
RJ,pele ressecada,2022-04-01,38.25
RJ,pele ressecada,2022-05-01,58.2
RJ,pele ressecada,2022-06-01,44.75
RJ,pele ressecada,2022-07-01,55.4
RJ,pele ressecada,2022-08-01,59.25
RJ,pele ressecada,2022-09-01,47.0
RJ,pele ressecada,2022-10-01,26.6
RJ,pele ressecada,2022-11-01,34.5
RJ,pele ressecada,2022-12-01,23.25
RJ,pele ressecada,2023-01-01,26.6
RJ,pele ressecada,2023-02-01,32.75
RJ,pele ressecada,2023-03-01,30.25
RJ,pele ressecada,2023-04-01,26.6
RJ,pele ressecada,2023-05-01,48.25
RJ,pele ressecada,2023-06-01,56.75
RJ,pele ressecada,2023-07-01,51.8
RJ,pele ressecada,2023-08-01,37.5
RJ,pele ressecada,2023-09-01,28.75
RJ,pele ressecada,2023-10-01,34.4
RJ,pele ressecada,2023-11-01,37.5
RJ,pele ressecada,2023-12-01,11.0
RJ,pele ressecada,2024-01-01,29.25
RJ,pele ressecada,2024-02-01,13.25
RJ,pele ressecada,2024-03-01,33.4
RJ,pele ressecada,2024-04-01,38.75
RJ,pele ressecada,2024-05-01,28.25
RJ,pele ressecada,2024-06-01,43.6
RJ,pele ressecada,2024-07-01,54.25
RJ,pele ressecada,2024-08-01,56.5
RJ,pele ressecada,2024-09-01,40.0
RJ,pele ressecada,2024-10-01,29.5
RJ,pele ressecada,2024-11-01,24.25
RJ,pele ressecada,2024-12-01,0.0
RJ,pele ressecada,2025-01-01,25.75
RJ,pele ressecada,2025-02-01,18.0
RJ,pele ressecada,2025-03-01,20.0
RJ,pele ressecada,2025-04-01,6.75
RJ,pele ressecada,2025-05-01,40.5
RJ,pele ressecada,2025-06-01,41.6
RJ,pele ressecada,2025-07-01,39.75
RJ,pele ressecada,2025-08-01,49.2
RJ,pele ressecada,2025-09-01,56.25
RJ,pele ressecada,2025-10-01,38.5
RJ,pele ressecada,2025-11-01,41.4
RJ,pele ressecada,2025-12-01,19.0
RJ,pele ressecada,2026-01-01,12.75
RJ,pele ressecada,2026-02-01,18.5
RJ,pele ressecada,2026-03-01,16.6
RJ,pele ressecada,2026-04-01,16.0
RJ,pele ressecada,2026-05-01,30.4
RJ,pele ressecada,2026-06-01,47.0
RJ,pele ressecada,2026-07-01,51.5
RJ,pele ressecada,2026-08-01,27.8
RJ,pele ressecada,2026-09-01,22.0
SP,pele ressecada,2022-01-01,21.6
SP,pele ressecada,2022-02-01,26.5
SP,pele ressecada,2022-03-01,23.5
SP,pele ressecada,2022-04-01,36.5
SP,pele ressecada,2022-05-01,55.6
SP,pele ressecada,2022-06-01,41.0
SP,pele ressecada,2022-07-01,53.0
SP,pele ressecada,2022-08-01,51.5
SP,pele ressecada,2022-09-01,42.0
SP,pele ressecada,2022-10-01,29.6
SP,pele ressecada,2022-11-01,45.25
SP,pele ressecada,2022-12-01,26.0
SP,pele ressecada,2023-01-01,26.4
SP,pele ressecada,2023-02-01,21.25
SP,pele ressecada,2023-03-01,25.5
SP,pele ressecada,2023-04-01,36.6
SP,pele ressecada,2023-05-01,51.75
SP,pele ressecada,2023-06-01,49.75
SP,pele ressecada,2023-07-01,46.8
SP,pele ressecada,2023-08-01,39.5
SP,pele ressecada,2023-09-01,33.0
SP,pele ressecada,2023-10-01,26.2
SP,pele ressecada,2023-11-01,27.5
SP,pele ressecada,2023-12-01,27.8
SP,pele ressecada,2024-01-01,26.5
SP,pele ressecada,2024-02-01,25.5
SP,pele ressecada,2024-03-01,26.6
SP,pele ressecada,2024-04-01,29.5
SP,pele ressecada,2024-05-01,40.75
SP,pele ressecada,2024-06-01,48.0
SP,pele ressecada,2024-07-01,50.5
SP,pele ressecada,2024-08-01,55.75
SP,pele ressecada,2024-09-01,34.0
SP,pele ressecada,2024-10-01,25.0
SP,pele ressecada,2024-11-01,26.75
SP,pele ressecada,2024-12-01,25.0
SP,pele ressecada,2025-01-01,27.75
SP,pele ressecada,2025-02-01,18.75
SP,pele ressecada,2025-03-01,20.8
SP,pele ressecada,2025-04-01,30.5
SP,pele ressecada,2025-05-01,29.75
SP,pele ressecada,2025-06-01,37.8
SP,pele ressecada,2025-07-01,54.75
SP,pele ressecada,2025-08-01,48.4
SP,pele ressecada,2025-09-01,37.75
SP,pele ressecada,2025-10-01,37.75
SP,pele ressecada,2025-11-01,28.8
SP,pele ressecada,2025-12-01,24.0
SP,pele ressecada,2026-01-01,24.5
SP,pele ressecada,2026-02-01,18.0
SP,pele ressecada,2026-03-01,29.0
SP,pele ressecada,2026-04-01,31.75
SP,pele ressecada,2026-05-01,31.0
SP,pele ressecada,2026-06-01,33.5
SP,pele ressecada,2026-07-01,51.75
SP,pele ressecada,2026-08-01,38.0
SP,pele ressecada,2026-09-01,24.0
